,Company,Level,Years of Experience,City,Total Compensation,Salary,Germany
0,Support By Improv...,L5,2  yrs,"Frankfurt, HE, Germany ","4,8 χιλ. | N/A | N/A",4.8,Germany
1,adesso,Software Engineer,3  yrs,"Frankfurt, HE, Germany ","4,7 χιλ. | N/A | N/A",4.7,Germany
2,SAP,T1,0  yrs,"Berlin, BE, Germany ","4,6 χιλ. | N/A | N/A",4.6,Germany
3,ProSiebenSat.1,Senior,9  yrs,"Munich, BY, Germany ",7 χιλ. | N/A | N/A,7,Germany
4,Gasag,-,7  yrs,"Berlin, BE, Germany ","5,4 χιλ. | N/A | N/A",5.4,Germany
5,Deutsche Bank Ag,AVP,9  yrs,"Berlin, BE, Germany ","6,6 χιλ. | N/A | 291,7",6.6,Germany
6,Grammarly,L3,17  yrs,"Berlin, BE, Germany ","9,6 χιλ. | 2,1 χιλ. | N/A",9.6,Germany
7,Tecan,-,7  yrs,"Wiesbaden, HE, Germany ",5 χιλ. | N/A | N/A,5,Germany
8,Convotherm,L5,10  yrs,"Munich, BY, Germany ","7,5 χιλ. | N/A | N/A",7.5,Germany
9,Deutsche Bank,Associate,2  yrs,"Frankfurt, HE, Germany ","6,1 χιλ. | N/A | N/A",6.1,Germany
10,Convotherm,L5,10  yrs,"Munich, BY, Germany ","7,5 χιλ. | N/A | N/A",7.5,Germany
11,Deutsche Bank,Associate,2  yrs,"Frankfurt, HE, Germany ","6,1 χιλ. | N/A | N/A",6.1,Germany
12,Merck,Software Engineer,3  yrs,"Darmstadt, HE, Germany ","5,7 χιλ. | N/A | N/A",5.7,Germany
13,EPAM Systems,L3,6  yrs,"Berlin, BE, Germany ","6,6 χιλ. | N/A | N/A",6.6,Germany
14,N/A,hidden,5-10  yrs,"Frankfurt, HE, Germany ","4,3 χιλ. | N/A | N/A",4.3,Germany
15,Justwatch,Mid,6  yrs,"Berlin, BE, Germany ",4 χιλ. | N/A | N/A,4,Germany
16,CHECK24,Lead Software Engineer,10  yrs,"Munich, BY, Germany ","6,8 χιλ. | N/A | 583,3",6.8,Germany
17,AMBOSS,Senior,8  yrs,"Berlin, BE, Germany ","7,2 χιλ. | N/A | N/A",7.2,Germany
18,Zalando,C8,15  yrs,"Berlin, BE, Germany ","9,3 χιλ. | 2 χιλ. | N/A",9.3,Germany
19,Dedalus,L3,11  yrs,"Trier, RP, Germany ","6,2 χιλ. | N/A | 333,3",6.2,Germany
20,Siemens,T9,6  yrs,"Munich, BY, Germany ","7,1 χιλ. | N/A | N/A",7.1,Germany
21,Adjust,Senior Software Engineer,11+  yrs,"Berlin, BE, Germany ","7,5 χιλ. | N/A | N/A",7.5,Germany
22,Volkswagen Financ...,hidden,0-1  yrs,"Braunschweig, NI, Germany ","4,5 χιλ. | N/A | 583,3",4.5,Germany
23,OneFootball,hidden,11+  yrs,"Berlin, BE, Germany ","10,8 χιλ. | N/A | N/A",10.8,Germany
24,Helmholtz Center,L1,1  yr,"Munich, BY, Germany ","6,9 χιλ. | N/A | N/A",6.9,Germany
25,CarOnSale,hidden,5-10  yrs,"Berlin, BE, Germany ","7,8 χιλ. | 416,7 | N/A",7.8,Germany
26,N/A,hidden,5-10  yrs,"Berlin, BE, Germany ","9,2 χιλ. | N/A | N/A",9.2,Germany
27,Klarna,L3,8  yrs,"Berlin, BE, Germany ","6,9 χιλ. | N/A | N/A",6.9,Germany
28,N/A,-,2  yrs,"Bremen, HB, Germany ","4,8 χιλ. | N/A | N/A",4.8,Germany
29,CHECK24,Junior Software Engineer,1  yr,"Munich, BY, Germany ","4,8 χιλ. | N/A | N/A",4.8,Germany
30,Informatica,L3,2  yrs,"Munich, BY, Germany ","4,3 χιλ. | N/A | N/A",4.3,Germany
31,Amazon,SDE II,6  yrs,"Berlin, BE, Germany ","8,7 χιλ. | 833,3 | N/A",8.7,Germany
32,Babbel,Senior,8  yrs,"Berlin, BE, Germany ","6,9 χιλ. | N/A | N/A",6.9,Germany
33,Snap,L5,10  yrs,"Berlin, BE, Germany ","7,3 χιλ. | 2,1 χιλ. | N/A",7.3,Germany
34,Babbel,Senior,10  yrs,"Berlin, BE, Germany ","7,5 χιλ. | N/A | N/A",7.5,Germany
35,Delivery Hero,IC4,10  yrs,"Berlin, BE, Germany ","10,4 χιλ. | 2,3 χιλ. | N/A",10.4,Germany
36,Red Hat,L4,7  yrs,"Dusseldorf, NW, Germany ","11,3 χιλ. | 1,3 χιλ. | 1,7 χιλ.",11.3,Germany
37,Zalando,C6,10  yrs,"Berlin, BE, Germany ","6,3 χιλ. | N/A | N/A",6.3,Germany
38,Axel Springer SE,Work Student,2  yrs,"Berlin, BE, Germany ","1,3 χιλ. | N/A | N/A",1.3,Germany
39,SoSafe,L3,20  yrs,"Cologne, NW, Germany ","6,7 χιλ. | N/A | N/A",6.7,Germany
40,MHP,L2,3  yrs,"Hamburg, HH, Germany ","4,3 χιλ. | N/A | 666,7",4.3,Germany
41,Delivery Hero,IC4,12  yrs,"Berlin, BE, Germany ","10 χιλ. | 2,5 χιλ. | N/A",10,Germany
42,Apex.AI,L3,15  yrs,"Munich, BY, Germany ","8,3 χιλ. | N/A | 833,3",8.3,Germany
43,BMW Group,EG10Software Engineer I,6  yrs,"Ulm, BW, Germany ","6,1 χιλ. | N/A | 283,3",6.1,Germany
44,Checkout.com,Senior Software Engineer II,7  yrs,"Berlin, BE, Germany ","8,5 χιλ. | N/A | N/A",8.5,Germany
45,Staffbase,Senior,8  yrs,"Berlin, BE, Germany ","7,7 χιλ. | N/A | N/A",7.7,Germany
46,Ordio,Senior,4  yrs,"Cologne, NW, Germany ","7,1 χιλ. | N/A | N/A",7.1,Germany
47,DB Systel,Senior,5-10  yrs,"Berlin, BE, Germany ","6,5 χιλ. | N/A | N/A",6.5,Germany
48,Apple,ICT3,11  yrs,"Munich, BY, Germany ","8,2 χιλ. | 4,2 χιλ. | 833,3",8.2,Germany
49,sennder,L5,12  yrs,"Berlin, BE, Germany ","8,1 χιλ. | 1,5 χιλ. | N/A",8.1,Germany
50,Cognigy,Senior,7  yrs,"Dusseldorf, NW, Germany ","6,8 χιλ. | N/A | N/A",6.8,Germany
51,Bolt,L6,11  yrs,"Berlin, BE, Germany ","11,2 χιλ. | 5 χιλ. | N/A",11.2,Germany
52,Web2pix,L1,5  yrs,"Me, BW, Germany ",5 χιλ. | N/A | N/A,5,Germany
53,Airbus,Junior Software Engineer,2  yrs,"Munich, BY, Germany ","5,7 χιλ. | N/A | N/A",5.7,Germany
54,sennder,L5,8  yrs,"Berlin, BE, Germany ","8,3 χιλ. | N/A | 833,3",8.3,Germany
55,HeyJobs,L3,5  yrs,"Berlin, BE, Germany ",6 χιλ. | N/A | N/A,6,Germany
56,BCG,L2,14  yrs,"Berlin, BE, Germany ","8,3 χιλ. | N/A | N/A",8.3,Germany
57,Axel Springer SE,Principal,13  yrs,"Berlin, BE, Germany ",10 χιλ. | N/A | N/A,10,Germany
58,Fresenius Medical...,Software Engineer,6  yrs,"Saarbrucken, SL, Germany ","5,8 χιλ. | N/A | N/A",5.8,Germany
59,KAYAK,Senior,12  yrs,"Berlin, BE, Germany ","8,7 χιλ. | 2,9 χιλ. | 891,7",8.7,Germany
60,OneFootball,E1,12  yrs,"Berlin, BE, Germany ","9,6 χιλ. | N/A | N/A",9.6,Germany
61,Mozilla,P4,10  yrs,"Berlin, BE, Germany ",10 χιλ. | N/A | N/A,10,Germany
62,Delivery Hero,IC2,8  yrs,"Berlin, BE, Germany ","7,5 χιλ. | 708,3 | N/A",7.5,Germany
63,Token,L4,11  yrs,"Berlin, BE, Germany ","9,8 χιλ. | N/A | N/A",9.8,Germany
64,Aiven,L5,11+  yrs,"Berlin, BE, Germany ","10,4 χιλ. | 208,3 | N/A",10.4,Germany
65,Raisin,hidden,0-1  yrs,"Berlin, BE, Germany ",5 χιλ. | N/A | N/A,5,Germany
66,Raiys,Senior,7  yrs,"Aschaffenburg, BY, Germany ","5,7 χιλ. | N/A | N/A",5.7,Germany
67,Topseven,Senior Software Engineer,11  yrs,"Munich, BY, Germany ","7,5 χιλ. | N/A | N/A",7.5,Germany
68,Upvest,Middle,7  yrs,"Berlin, BE, Germany ","6,3 χιλ. | 1,7 χιλ. | N/A",6.3,Germany
69,Amazon,SDE II,10  yrs,"Berlin, BE, Germany ","7,5 χιλ. | 2,5 χιλ. | N/A",7.5,Germany
70,KAYAK,Senior,13  yrs,"Berlin, BE, Germany ","8,5 χιλ. | 3,3 χιλ. | 833,3",8.5,Germany
71,Bosch Global,Middle,7  yrs,"Berlin, BE, Germany ","7,2 χιλ. | N/A | 833,3",7.2,Germany
72,Amazon,SDE II,6  yrs,"Berlin, BE, Germany ","8,2 χιλ. | 3,3 χιλ. | N/A",8.2,Germany
73,Amazon,SDE III,8  yrs,"Berlin, BE, Germany ","10 χιλ. | 1,7 χιλ. | N/A",10,Germany
74,Flink,L3,8  yrs,"Berlin, BE, Germany ","8,1 χιλ. | N/A | N/A",8.1,Germany
75,Tourlane,L4,5-10  yrs,"Berlin, BE, Germany ","7,5 χιλ. | N/A | N/A",7.5,Germany
76,eBay,SE 3,9  yrs,"Berlin, BE, Germany ","6,1 χιλ. | 2,5 χιλ. | N/A",6.1,Germany
77,GitLab,L3,10  yrs,"Berlin, BE, Germany ","9,2 χιλ. | 3,3 χιλ. | N/A",9.2,Germany
78,Align Technology,L6,7  yrs,"Darmstadt, HE, Germany ","6,7 χιλ. | 833,3 | 583,3",6.7,Germany
79,Intel,Grade 7,7  yrs,"Munich, BY, Germany ","8,3 χιλ. | 1,7 χιλ. | 666,7",8.3,Germany
80,Exxeta,hidden,5-10  yrs,"Stuttgart, BW, Germany ","3,5 χιλ. | N/A | N/A",3.5,Germany
81,Westwing,Senior,5  yrs,"Munich, BY, Germany ","7,9 χιλ. | N/A | N/A",7.9,Germany
82,Foxbase,L3,13  yrs,"Dusseldorf, NW, Germany ","7,9 χιλ. | N/A | 100",7.9,Germany
83,Mieterengel,L3,2  yrs,"Berlin, BE, Germany ","4,5 χιλ. | N/A | N/A",4.5,Germany
84,Grammarly,L3,9  yrs,"Berlin, BE, Germany ","10 χιλ. | 833,3 | N/A",10,Germany
85,Deutsche Bank,AVP,8  yrs,"Berlin, BE, Germany ","6,6 χιλ. | N/A | N/A",6.6,Germany
86,N/A,hidden,2-4  yrs,"Erlangen, BY, Germany ","5,2 χιλ. | N/A | N/A",5.2,Germany
87,Reply,Consultant I,1  yr,"Munich, BY, Germany ","4,6 χιλ. | N/A | 458,3",4.6,Germany
88,Grammarly,L3,12  yrs,"Berlin, BE, Germany ","9,6 χιλ. | 2,1 χιλ. | N/A",9.6,Germany
89,Vivy,L3,7  yrs,"Berlin, BE, Germany ","6,7 χιλ. | N/A | N/A",6.7,Germany
90,Contentful,IC5,13  yrs,"Berlin, BE, Germany ",10 χιλ. | N/A | N/A,10,Germany
91,N/A,hidden,11+  yrs,"Passau, BY, Germany ",5 χιλ. | N/A | N/A,5,Germany
92,IOHK,P3,5  yrs,"Berlin, BE, Germany ","12,5 χιλ. | N/A | N/A",12.5,Germany
93,N/A,hidden,5-10  yrs,"Essen, NW, Germany ","5,7 χιλ. | N/A | 250",5.7,Germany
94,Enpal,Senior,10  yrs,"Berlin, BE, Germany ","10,6 χιλ. | N/A | N/A",10.6,Germany
95,Enpal,L3,8  yrs,"Berlin, BE, Germany ",10 χιλ. | N/A | N/A,10,Germany
96,Wayfair,L3,13  yrs,"Berlin, BE, Germany ","9,6 χιλ. | N/A | N/A",9.6,Germany
97,Avision,L3,13  yrs,"Munich, BY, Germany ","6,7 χιλ. | N/A | N/A",6.7,Germany
98,Cariad,Software Engineer,10  yrs,"Berlin, BE, Germany ","7,7 χιλ. | N/A | N/A",7.7,Germany
99,Micro Epsilon,L1,5  yrs,"Me, BW, Germany ","4,7 χιλ. | N/A | N/A",4.7,Germany
100,BMW,L1,0  yrs,"Munich, BY, Germany ","1,3 χιλ. | N/A | N/A",1.3,Germany
101,Dataport Aör,Senior Software Engineer,18  yrs,"Hamburg, HH, Germany ","7,3 χιλ. | N/A | N/A",7.3,Germany
102,Zattoo,hidden,5-10  yrs,"Berlin, BE, Germany ","6,7 χιλ. | N/A | N/A",6.7,Germany
103,Netlight,Associate Manager,6  yrs,"Berlin, BE, Germany ","7,2 χιλ. | N/A | 2,1 χιλ.",7.2,Germany
104,N/A,-,3  yrs,"Dresden, SN, Germany ","4,7 χιλ. | N/A | N/A",4.7,Germany
105,N/A,hidden,11+  yrs,"Berlin, BE, Germany ",6 χιλ. | N/A | N/A,6,Germany
106,Flink Se,L3,7  yrs,"Berlin, BE, Germany ","7,5 χιλ. | N/A | N/A",7.5,Germany
107,OTTO,Senior Software Engineer,15  yrs,"Hamburg, HH, Germany ","7,2 χιλ. | N/A | 666,7",7.2,Germany
108,MBition,L3,10  yrs,"Berlin, BE, Germany ","5,9 χιλ. | N/A | 750",5.9,Germany
109,SAP,T1,1  yr,"Walldorf, BW, Germany ","4,5 χιλ. | 416,7 | 133,3",4.5,Germany
110,N/A,-,7  yrs,"Berlin, BE, Germany ","3,1 χιλ. | N/A | N/A",3.1,Germany
111,Neylux,L1,1  yr,"Munich, BY, Germany ","4,2 χιλ. | N/A | N/A",4.2,Germany
112,Cisco,Software Engineer IV,6  yrs,"Munich, BY, Germany ","10 χιλ. | 4,2 χιλ. | 1,7 χιλ.",10,Germany
113,Verses AI,-,5  yrs,"Munich, BY, Germany ","12,9 χιλ. | N/A | N/A",12.9,Germany
114,Healthtech Ventures,L3,8  yrs,"Hamburg, HH, Germany ","8,3 χιλ. | N/A | N/A",8.3,Germany
115,ThyssenKrupp,12,9  yrs,"Dortmund, NW, Germany ","6,3 χιλ. | N/A | N/A",6.3,Germany
116,parcelLab,L3,8  yrs,"Munich, BY, Germany ","7,4 χιλ. | N/A | N/A",7.4,Germany
117,Zalando,C5,3  yrs,"Berlin, BE, Germany ",5 χιλ. | N/A | N/A,5,Germany
118,Doctorbox,L2,14  yrs,"Berlin, BE, Germany ","4,6 χιλ. | N/A | N/A",4.6,Germany
119,Technology & Stra...,L2,10  yrs,"Stuttgart, BW, Germany ","6,3 χιλ. | N/A | N/A",6.3,Germany
120,Daiichi Sankyo,Senior,11+  yrs,"Munich, BY, Germany ","8,3 χιλ. | N/A | 1 χιλ.",8.3,Germany
121,SoundCloud,Level 3,10  yrs,"Berlin, BE, Germany ","8,3 χιλ. | N/A | N/A",8.3,Germany
122,Deutsche Bank,Director,15  yrs,"Berlin, BE, Germany ","12,2 χιλ. | N/A | 3,7 χιλ.",12.2,Germany
123,Contiamo,Senior,6  yrs,"Berlin, BE, Germany ","7,2 χιλ. | N/A | N/A",7.2,Germany
124,Parity Technologies,L4,14  yrs,"Berlin, BE, Germany ","9,4 χιλ. | 2,9 χιλ. | N/A",9.4,Germany
125,Zalando,C4,2  yrs,"Berlin, BE, Germany ","5,8 χιλ. | 166,7 | N/A",5.8,Germany
126,Google,L3,3  yrs,"Munich, BY, Germany ","6,8 χιλ. | 1,2 χιλ. | 1,4 χιλ.",6.8,Germany
127,Mercedes-Benz,IG14,6  yrs,"Sindelfingen, BW, Germany ","7,8 χιλ. | N/A | 1,1 χιλ.",7.8,Germany
128,trivago,L4,7  yrs,"Dusseldorf, NW, Germany ","6,6 χιλ. | N/A | 191,7",6.6,Germany
129,N/A,-,8  yrs,"Munich, BY, Germany ","6,8 χιλ. | N/A | 83,3",6.8,Germany
130,Deutsche Bank,Associate,5  yrs,"Berlin, BE, Germany ","5,8 χιλ. | N/A | 203,3",5.8,Germany
131,trivago,L3,7  yrs,"Dusseldorf, NW, Germany ","6,2 χιλ. | N/A | N/A",6.2,Germany
132,Nvidia,IC4,10  yrs,"Berlin, BE, Germany ","10,4 χιλ. | 2,6 χιλ. | N/A",10.4,Germany
133,Serrala,Middle,6  yrs,"Hamburg, HH, Germany ","5,1 χιλ. | N/A | N/A",5.1,Germany
134,Volkswagen Infota...,Senior,4  yrs,"Bochum, NW, Germany ","6,1 χιλ. | N/A | 333,3",6.1,Germany
135,Templafy,L3,7  yrs,"Berlin, BE, Germany ","5,8 χιλ. | N/A | N/A",5.8,Germany
136,Inxmail,L3,4  yrs,"Freiburg Im Breisgau, BW, Germany ","4,8 χιλ. | N/A | N/A",4.8,Germany
137,IBM,Staff Engineer,7  yrs,"Stuttgart, BW, Germany ","7,7 χιλ. | 250 | 416,7",7.7,Germany
138,N/A,hidden,5-10  yrs,"Hamburg, HH, Germany ","7,9 χιλ. | N/A | N/A",7.9,Germany
139,Software Defined ...,Senior,11  yrs,"Munich, BY, Germany ","6,4 χιλ. | N/A | N/A",6.4,Germany
140,Amadeus,G11,14  yrs,"Munich, BY, Germany ","8,3 χιλ. | N/A | 750",8.3,Germany
141,Wolt,L5,15  yrs,"Berlin, BE, Germany ","8,3 χιλ. | 5 χιλ. | N/A",8.3,Germany
142,Deutsche Bank,Associate,6  yrs,"Berlin, BE, Germany ","6,5 χιλ. | N/A | 416,7",6.5,Germany
143,CHECK24,Junior,2  yrs,"Hamburg, HH, Germany ","4,8 χιλ. | N/A | N/A",4.8,Germany
144,TNG Technology Co...,-,3  yrs,"Munich, BY, Germany ","5,5 χιλ. | N/A | 1,4 χιλ.",5.5,Germany
145,Aleph Alpha,IC3,5-10  yrs,"Heidelberg, BW, Germany ","12,5 χιλ. | 8,3 χιλ. | 1,7 χιλ.",12.5,Germany
146,Celonis,IC2,4  yrs,"Munich, BY, Germany ","6,3 χιλ. | 833,3 | 333,3",6.3,Germany
147,JetBrains,hidden,11+  yrs,"Munich, BY, Germany ","10,1 χιλ. | N/A | 1,7 χιλ.",10.1,Germany
148,Schwarz Dienstlei...,Professional,4  yrs,"Heilbronn, BW, Germany ","5,9 χιλ. | N/A | N/A",5.9,Germany
149,Align Technology,L7,15  yrs,"Berlin, BE, Germany ",10 χιλ. | N/A | N/A,10,Germany
150,Mozilla,P3,10  yrs,"Berlin, BE, Germany ","8,7 χιλ. | N/A | 1,7 χιλ.",8.7,Germany
151,Giesecke+Devrient,Senior,5-10  yrs,"Munich, BY, Germany ","7,1 χιλ. | N/A | 250",7.1,Germany
152,Technische Hochsc...,Senior,25  yrs,"Ingolstadt, BY, Germany ","6,9 χιλ. | N/A | 166,7",6.9,Germany
153,Parloa,hidden,2-4  yrs,"Berlin, BE, Germany ",5 χιλ. | N/A | N/A,5,Germany
154,Microsoft,Principal SDE,20  yrs,"Munich, BY, Germany ","15,4 χιλ. | 3,3 χιλ. | N/A",15.4,Germany
155,Sim,IC5,7  yrs,"Bad Homburg, HE, Germany ","7,4 χιλ. | N/A | 285",7.4,Germany
156,Vestiaire Collective,hidden,5-10  yrs,"Berlin, BE, Germany ","7,9 χιλ. | N/A | 583,3",7.9,Germany
157,Zentek,Senior Software Engineer,10  yrs,"Cologne, NW, Germany ","6,2 χιλ. | N/A | N/A",6.2,Germany
158,IBM,Associate Engineer,4  yrs,"Sindelfingen, BW, Germany ","5,8 χιλ. | 600 | 166,7",5.8,Germany
159,Infineon Technolo...,Staff Software Engineer,6  yrs,"Munich, BY, Germany ","8,3 χιλ. | N/A | 531,4",8.3,Germany
160,Wayfair,L4,15  yrs,"Berlin, BE, Germany ","11,2 χιλ. | 12,5 χιλ. | N/A",11.2,Germany
161,LucaNet,hidden,5-10  yrs,"Berlin, BE, Germany ","5,7 χιλ. | N/A | 166,7",5.7,Germany
162,Framer,Senior,5-10  yrs,"Berlin, BE, Germany ","9,2 χιλ. | N/A | 916,7",9.2,Germany
163,Porsche,P2,2  yrs,"Stuttgart, BW, Germany ","3,8 χιλ. | N/A | N/A",3.8,Germany
164,Freshfields,Senior,5  yrs,"Berlin, BE, Germany ","9,2 χιλ. | N/A | N/A",9.2,Germany
165,Framer,L3,16  yrs,"Berlin, BE, Germany ",10 χιλ. | N/A | 1 χιλ.,10,Germany
166,N/A,hidden,5-10  yrs,"Berlin, BE, Germany ","8,5 χιλ. | N/A | N/A",8.5,Germany
167,Tesla,P3,2  yrs,"Berlin, BE, Germany ","8,3 χιλ. | 2,5 χιλ. | N/A",8.3,Germany
168,CHECK24,Software Engineer,6  yrs,"Munich, BY, Germany ","5,8 χιλ. | N/A | 416,7",5.8,Germany
169,N/A,-,4  yrs,"Berlin, BE, Germany ","5,8 χιλ. | N/A | N/A",5.8,Germany
170,Cariad,Software Engineer,6  yrs,"Ingolstadt, BY, Germany ","7,8 χιλ. | N/A | N/A",7.8,Germany
171,Zalando,C7,7  yrs,"Berlin, BE, Germany ","8,2 χιλ. | N/A | N/A",8.2,Germany
172,Cariad Se,-,17  yrs,"Ingolstadt, BY, Germany ","9,1 χιλ. | N/A | N/A",9.1,Germany
173,N/A,hidden,5-10  yrs,"Hamburg, HH, Germany ","6,5 χιλ. | N/A | N/A",6.5,Germany
174,NTT DATA,Lead Software Engineer,6  yrs,"Munich, BY, Germany ","6,5 χιλ. | N/A | N/A",6.5,Germany
175,Bosch Engineering,Mid Level Engineer,6  yrs,"Stuttgart, BW, Germany ","7,2 χιλ. | N/A | 500",7.2,Germany
176,Yager,L3,10  yrs,"Berlin, BE, Germany ","7,1 χιλ. | N/A | N/A",7.1,Germany
177,Technical Univers...,13,11  yrs,"Berlin, BE, Germany ","2,8 χιλ. | N/A | N/A",2.8,Germany
178,Decathlon,L1,1  yr,"Stuttgart, BW, Germany ","2,6 χιλ. | N/A | N/A",2.6,Germany
179,Tesla,P3,5  yrs,"Berlin, BE, Germany ","9,6 χιλ. | 1,9 χιλ. | N/A",9.6,Germany
180,Decathlon,1,1  yr,"Stuttgart, BW, Germany ","2,6 χιλ. | N/A | N/A",2.6,Germany
181,Itestra,-,2  yrs,"Cologne, NW, Germany ","5,2 χιλ. | N/A | N/A",5.2,Germany
182,Recogni,L6,10  yrs,"Munich, BY, Germany ","12,5 χιλ. | N/A | N/A",12.5,Germany
183,Gropyus,Senior,11+  yrs,"Berlin, BE, Germany ","8,3 χιλ. | N/A | N/A",8.3,Germany
184,DWI,-,4  yrs,"Dortmund, NW, Germany ","4,2 χιλ. | N/A | N/A",4.2,Germany
185,Cubic,L3,5  yrs,"Hamburg, HH, Germany ","5,4 χιλ. | N/A | N/A",5.4,Germany
186,Nokia,JG8,10  yrs,"Ulm, BW, Germany ","7,9 χιλ. | N/A | N/A",7.9,Germany
187,Siemens,T10,12  yrs,"Erlangen, BY, Germany ","8,1 χιλ. | N/A | 208,3",8.1,Germany
188,Elea.ai,-,7  yrs,"Hamburg, HH, Germany ","6,7 χιλ. | N/A | N/A",6.7,Germany
189,Delivery Hero,IC3,7  yrs,"Berlin, BE, Germany ","8,3 χιλ. | 1,7 χιλ. | N/A",8.3,Germany
190,Deutsche Bank,Associate,2  yrs,"Berlin, BE, Germany ","5,8 χιλ. | N/A | 833,3",5.8,Germany
191,N/A,-,4  yrs,"Munster, NW, Germany ","6,7 χιλ. | N/A | N/A",6.7,Germany
192,Philips,CG60,7  yrs,"Stuttgart, BW, Germany ","9,2 χιλ. | N/A | 271,6",9.2,Germany
193,Expleo Group,L2,3  yrs,"Berlin, BE, Germany ","4,2 χιλ. | N/A | N/A",4.2,Germany
194,Spedion,Entry,1  yr,"Aschaffenburg, BY, Germany ","4,9 χιλ. | N/A | 250",4.9,Germany
195,Bundeswehr,-,7  yrs,"Munich, BY, Germany ","5,8 χιλ. | N/A | N/A",5.8,Germany
196,JetBrains,L2,2  yrs,"Berlin, BE, Germany ","5,4 χιλ. | N/A | N/A",5.4,Germany
197,AMBOSS,hidden,11+  yrs,"Berlin, BE, Germany ","8,8 χιλ. | N/A | N/A",8.8,Germany
198,Scalable Capital,Staff Engineer,12  yrs,"Munich, BY, Germany ","8,7 χιλ. | 1,7 χιλ. | N/A",8.7,Germany
199,Vector Informatik,E2,3  yrs,"Stuttgart, BW, Germany ","6,8 χιλ. | N/A | 1 χιλ.",6.8,Germany
200,McMakler,Senior,13  yrs,"Berlin, BE, Germany ","7,1 χιλ. | N/A | N/A",7.1,Germany
201,Doctolib,L2,4  yrs,"Berlin, BE, Germany ",6 χιλ. | N/A | N/A,6,Germany
202,EGYM,hidden,11+  yrs,"Munich, BY, Germany ","6,3 χιλ. | N/A | N/A",6.3,Germany
203,Deutsche Kreditba...,-,5  yrs,"Berlin, BE, Germany ","6,7 χιλ. | N/A | N/A",6.7,Germany
204,Doola,L3,1  yr,"Hamburg, HH, Germany ","5,8 χιλ. | N/A | N/A",5.8,Germany
205,Solenix Engineering,-,3  yrs,"Darmstadt, HE, Germany ","4,7 χιλ. | N/A | N/A",4.7,Germany
206,Contentful,IC4,8  yrs,"Berlin, BE, Germany ","8,2 χιλ. | N/A | N/A",8.2,Germany
207,Nvidia,IC4,7  yrs,"Berlin, BE, Germany ","10,2 χιλ. | 7,1 χιλ. | N/A",10.2,Germany
208,SAP,T1,2  yrs,"Berlin, BE, Germany ","4,9 χιλ. | 209,5 | 232,3",4.9,Germany
209,Mercedes-benz Tec...,Middle,8  yrs,"Ulm, BW, Germany ","7,2 χιλ. | N/A | N/A",7.2,Germany
210,Deutsche Bank,VP,15  yrs,"Berlin, BE, Germany ","10,5 χιλ. | N/A | 1,3 χιλ.",10.5,Germany
211,Henkel,MC3,9  yrs,"Dusseldorf, NW, Germany ","7,7 χιλ. | N/A | 1,2 χιλ.",7.7,Germany
212,HeyJobs,L3,6  yrs,"Berlin, BE, Germany ",7 χιλ. | N/A | N/A,7,Germany
213,Affinidi,S3,6  yrs,"Berlin, BE, Germany ","5,8 χιλ. | N/A | 583,3",5.8,Germany
214,Google,L4,9  yrs,"Munich, BY, Germany ","8,7 χιλ. | 6,5 χιλ. | 1,7 χιλ.",8.7,Germany
215,Zalando,C6,7  yrs,"Berlin, BE, Germany ","7,1 χιλ. | N/A | N/A",7.1,Germany
216,ProSiebenSat.1,Senior,6  yrs,"Munich, BY, Germany ","6,8 χιλ. | N/A | N/A",6.8,Germany
217,Circus Group,Senior,8  yrs,"Hamburg, HH, Germany ","6,7 χιλ. | N/A | N/A",6.7,Germany
218,Zalando,C7,11  yrs,"Berlin, BE, Germany ","7,5 χιλ. | N/A | N/A",7.5,Germany
219,Nrw Bank,L3,5  yrs,"Cologne, NW, Germany ","6,2 χιλ. | N/A | N/A",6.2,Germany
220,Klarna,L3,9  yrs,"Berlin, BE, Germany ","6,9 χιλ. | N/A | N/A",6.9,Germany
221,Delivery Hero,IC3,9  yrs,"Berlin, BE, Germany ","8,2 χιλ. | 1,5 χιλ. | N/A",8.2,Germany
222,Agentic AI,L3,8  yrs,"Berlin, BE, Germany ","5 χιλ. | 833,3 | N/A",5,Germany
223,Volkswagen Infota...,Senior,5-10  yrs,"Bochum, NW, Germany ","6,3 χιλ. | N/A | 666,7",6.3,Germany
224,Rohde & Schwarz,L1,0  yrs,"Memmingen, BY, Germany ","4,5 χιλ. | N/A | N/A",4.5,Germany
225,Technical Univers...,hidden,5-10  yrs,"Munich, BY, Germany ","4,7 χιλ. | N/A | N/A",4.7,Germany
226,Zalando,C7,15  yrs,"Berlin, BE, Germany ","9,2 χιλ. | N/A | N/A",9.2,Germany
227,Bosch Global,EG16,12  yrs,"Stuttgart, BW, Germany ","8 χιλ. | 1,3 χιλ. | N/A",8,Germany
228,Trade Republic,Software Engineer II,5  yrs,"Berlin, BE, Germany ","7,7 χιλ. | N/A | N/A",7.7,Germany
229,N/A,hidden,2-4  yrs,"Berlin, BE, Germany ","3,7 χιλ. | N/A | N/A",3.7,Germany
230,Akkodis,L3,4  yrs,"Magdeburg, ST, Germany ","4,4 χιλ. | N/A | N/A",4.4,Germany
231,Digital Charging ...,IC4,8  yrs,"Berlin, BE, Germany ","7,8 χιλ. | N/A | N/A",7.8,Germany
232,N/A,hidden,5-10  yrs,"Borken, NW, Germany ","4,4 χιλ. | N/A | N/A",4.4,Germany
233,N/A,hidden,5-10  yrs,"Dusseldorf, NW, Germany ","1,7 χιλ. | N/A | N/A",1.7,Germany
234,CHECK24,Junior Software Engineer,0  yrs,"Munich, BY, Germany ","4,7 χιλ. | N/A | N/A",4.7,Germany
235,N/A,hidden,2-4  yrs,"Berlin, BE, Germany ","7,5 χιλ. | N/A | N/A",7.5,Germany
236,Invensity,Associate Consultant,0  yrs,"Stuttgart, BW, Germany ","4,6 χιλ. | N/A | 175",4.6,Germany
237,Allianz,Junior,2  yrs,"Munich, BY, Germany ","5 χιλ. | N/A | 416,7",5,Germany
238,Cloudrizon,Junior,1  yr,"Ulm, BW, Germany ","3,8 χιλ. | N/A | N/A",3.8,Germany
239,Getsafe,hidden,11+  yrs,"Berlin, BE, Germany ","7,5 χιλ. | N/A | N/A",7.5,Germany
240,AXA,L3,15  yrs,"Cologne, NW, Germany ","7,1 χιλ. | N/A | N/A",7.1,Germany
241,FNZ,Junior,0  yrs,"Frankfurt, HE, Germany ","4,5 χιλ. | N/A | N/A",4.5,Germany
242,Tools For Humanity,Lead,7  yrs,"Munich, BY, Germany ","13,1 χιλ. | N/A | N/A",13.1,Germany
243,JetBrains,L1,2  yrs,"Bremen, HB, Germany ","5,8 χιλ. | N/A | N/A",5.8,Germany
244,Monta,Senior,3  yrs,"Berlin, BE, Germany ",6 χιλ. | N/A | N/A,6,Germany
245,Amazon,SDE II,7  yrs,"Berlin, BE, Germany ","9,6 χιλ. | 5,8 χιλ. | N/A",9.6,Germany
246,Bosch Global,EG16,12  yrs,"Stuttgart, BW, Germany ",9 χιλ. | N/A | 250,9,Germany
247,Kleinanzeigen.de,L11,4  yrs,"Berlin, BE, Germany ","6 χιλ. | N/A | 583,3",6,Germany
248,Pyur | Tele Colum...,-,5  yrs,"Leipzig, SN, Germany ","4,6 χιλ. | N/A | 583,3",4.6,Germany
249,Büro Am Draht,-,2  yrs,"Berlin, BE, Germany ","5,5 χιλ. | N/A | N/A",5.5,Germany
250,Axel Springer SE,hidden,5-10  yrs,"Berlin, BE, Germany ","6,7 χιλ. | N/A | N/A",6.7,Germany
251,Amazon,SDE II,7  yrs,"Berlin, BE, Germany ","9,6 χιλ. | 5,8 χιλ. | N/A",9.6,Germany
252,SAP,T1,1  yr,"Berlin, BE, Germany ","4,9 χιλ. | N/A | 166,7",4.9,Germany
253,HelloFresh,Software Engineer,8  yrs,"Berlin, BE, Germany ","5,9 χιλ. | N/A | N/A",5.9,Germany
254,Jucr Gmbh,Senior,8  yrs,"Berlin, BE, Germany ","7,5 χιλ. | N/A | N/A",7.5,Germany
255,Eurogate,L3,6  yrs,"Hamburg, HH, Germany ",5 χιλ. | N/A | N/A,5,Germany
256,Delivery Hero,IC5,15  yrs,"Berlin, BE, Germany ","11,5 χιλ. | 5 χιλ. | N/A",11.5,Germany
257,Infotech,L3,7  yrs,"Berlin, BE, Germany ","7,3 χιλ. | N/A | N/A",7.3,Germany
258,Bundesverwaltungsamt,L2,5  yrs,"Bonn, NW, Germany ","5,2 χιλ. | N/A | N/A",5.2,Germany
259,N/A,-,5  yrs,"Berlin, BE, Germany ","4,8 χιλ. | N/A | N/A",4.8,Germany
260,Volkswagen,Senior,6  yrs,"Berlin, BE, Germany ","6,9 χιλ. | N/A | 583,3",6.9,Germany
261,DeepL,P4,6  yrs,"Cologne, NW, Germany ","9,7 χιλ. | N/A | N/A",9.7,Germany
262,Itemis,Junior,4  yrs,"Hamburg, HH, Germany ","5,4 χιλ. | N/A | N/A",5.4,Germany
263,Biontech Se,Engineer,8  yrs,"Mainz, RP, Germany ","7 χιλ. | 1,4 χιλ. | N/A",7,Germany
264,LeanIX,L2,2  yrs,"Berlin, BE, Germany ","5,4 χιλ. | N/A | 283,3",5.4,Germany
265,Zalando,C8,9  yrs,"Berlin, BE, Germany ","9,5 χιλ. | 904 | N/A",9.5,Germany
266,Leonardo DRS,L3,3  yrs,"Berlin, BE, Germany ","7,5 χιλ. | N/A | N/A",7.5,Germany
267,OTTO,Professional,2  yrs,"Hamburg, HH, Germany ",5 χιλ. | N/A | N/A,5,Germany
268,Mercedes-Benz,hidden,2-4  yrs,"Berlin, BE, Germany ","1,4 χιλ. | N/A | 120",1.4,Germany
269,QuantCo,hidden,2-4  yrs,"Berlin, BE, Germany ","8,3 χιλ. | 1,7 χιλ. | 4,2 χιλ.",8.3,Germany
270,BSH,L1,1  yr,"Regensburg, BY, Germany ","5,4 χιλ. | N/A | N/A",5.4,Germany
271,Snowflake,IC4,20  yrs,"Berlin, BE, Germany ","13,3 χιλ. | 8,3 χιλ. | N/A",13.3,Germany
272,Netlight,Consultant,7  yrs,"Munich, BY, Germany ","5,5 χιλ. | N/A | N/A",5.5,Germany
273,Zalando,C7,15  yrs,"Berlin, BE, Germany ","9,2 χιλ. | N/A | N/A",9.2,Germany
274,Tui,L3,11+  yrs,"Hannover, NI, Germany ","10,2 χιλ. | N/A | N/A",10.2,Germany
275,Porsche,I,4  yrs,"Stuttgart, BW, Germany ","9,2 χιλ. | N/A | N/A",9.2,Germany
276,Amazon,SDE II,2  yrs,"Berlin, BE, Germany ","7,4 χιλ. | 1,7 χιλ. | N/A",7.4,Germany
277,JetBrains,L2,12  yrs,"Berlin, BE, Germany ","8,8 χιλ. | N/A | N/A",8.8,Germany
278,Lucht Probst Asso...,Middle,5  yrs,"Leipzig, SN, Germany ","4,6 χιλ. | N/A | N/A",4.6,Germany
279,Deutsche Bahn Inf...,-,6  yrs,"Frankfurt, HE, Germany ","6,5 χιλ. | N/A | 981,2",6.5,Germany
280,Align Technology,L7,9  yrs,"Darmstadt, HE, Germany ","9,8 χιλ. | 1,3 χιλ. | 1,1 χιλ.",9.8,Germany
281,Enpal,Mid,4  yrs,"Berlin, BE, Germany ","5,8 χιλ. | N/A | N/A",5.8,Germany
282,N/A,-,6  yrs,"Aachen, NW, Germany ","6,8 χιλ. | N/A | N/A",6.8,Germany
283,Veeva Systems,Senior Software Engineer,11  yrs,"Frankfurt, HE, Germany ","9,6 χιλ. | 2,4 χιλ. | N/A",9.6,Germany
284,Inovex,hidden,5-10  yrs,"Munich, BY, Germany ","7,5 χιλ. | N/A | N/A",7.5,Germany
285,Teufel,L2,10  yrs,"Berlin, BE, Germany ",6 χιλ. | N/A | N/A,6,Germany
286,N/A,hidden,5-10  yrs,"Berlin, BE, Germany ",6 χιλ. | N/A | N/A,6,Germany
287,N/A,hidden,2-4  yrs,"Hamburg, HH, Germany ","7,1 χιλ. | N/A | N/A",7.1,Germany
288,adesso,Senior Software Engineer,6  yrs,"Berlin, BE, Germany ","5,2 χιλ. | N/A | N/A",5.2,Germany
289,Intel,Grade 7,8  yrs,"Munich, BY, Germany ","8,1 χιλ. | 1,3 χιλ. | N/A",8.1,Germany
290,Tomorrow,Senior Software Engineer,10  yrs,"Hamburg, HH, Germany ","6,3 χιλ. | N/A | N/A",6.3,Germany
291,Adacor,-,3  yrs,"Offenbach, HE, Germany ","5,4 χιλ. | N/A | N/A",5.4,Germany
292,Deutsche Borse,Senior,5  yrs,"Frankfurt, HE, Germany ","7,6 χιλ. | N/A | 1,5 χιλ.",7.6,Germany
293,Coremedia,Senior,4  yrs,"Hamburg, HH, Germany ","5,7 χιλ. | N/A | N/A",5.7,Germany
294,Tum,Student,5  yrs,"Munich, BY, Germany ","3,3 χιλ. | N/A | N/A",3.3,Germany
295,Drager,Software Engineer,1  yr,"Lubeck, SH, Germany ","6,2 χιλ. | N/A | N/A",6.2,Germany
296,adesso,Working Student,0  yrs,"Berlin, BE, Germany ","2,8 χιλ. | N/A | N/A",2.8,Germany
297,Cloudflare,L3,10  yrs,"Munich, BY, Germany ","10 χιλ. | 3,3 χιλ. | N/A",10,Germany
298,Everest Systems,hidden,5-10  yrs,"Heidelberg, BW, Germany ","5,8 χιλ. | N/A | N/A",5.8,Germany
299,N26,L5,7  yrs,"Berlin, BE, Germany ",10 χιλ. | N/A | N/A,10,Germany
300,Idealo,L3,6  yrs,"Berlin, BE, Germany ","5,8 χιλ. | N/A | N/A",5.8,Germany
301,Zalando,C8,13  yrs,"Berlin, BE, Germany ","9,6 χιλ. | 2,1 χιλ. | N/A",9.6,Germany
302,Cloudflare,L3,15  yrs,"Munich, BY, Germany ","10 χιλ. | 3,3 χιλ. | N/A",10,Germany
303,Inovex,-,3  yrs,"Cologne, NW, Germany ","5,3 χιλ. | N/A | N/A",5.3,Germany
304,Qonto,L3,6  yrs,"Berlin, BE, Germany ","6,5 χιλ. | N/A | N/A",6.5,Germany
305,Deutsche Borse,L1,0  yrs,"Frankfurt, HE, Germany ","4,6 χιλ. | N/A | 718,7",4.6,Germany
306,L21s,-,4  yrs,"Berlin, BE, Germany ",6 χιλ. | N/A | N/A,6,Germany
307,N/A,hidden,2-4  yrs,"Cologne, NW, Germany ","3,7 χιλ. | N/A | N/A",3.7,Germany
308,Abchd,L3,5  yrs,"Berlin, BE, Germany ","5,8 χιλ. | N/A | N/A",5.8,Germany
309,Deutsche Bank,Associate,2  yrs,"Berlin, BE, Germany ","5,8 χιλ. | N/A | 833,3",5.8,Germany
310,Safety Io,-,3  yrs,"Berlin, BE, Germany ","5,3 χιλ. | N/A | N/A",5.3,Germany
311,Raisenow,Senior,23  yrs,"Berlin, BE, Germany ","8,3 χιλ. | N/A | N/A",8.3,Germany
312,Align Technology,L6,9  yrs,"Darmstadt, HE, Germany ","8,3 χιλ. | 2,5 χιλ. | 666,7",8.3,Germany
313,Lightspeed Commerce,II,5  yrs,"Berlin, BE, Germany ","6,7 χιλ. | 416,7 | N/A",6.7,Germany
314,Bridgestone,Mid,5  yrs,"Leipzig, SN, Germany ",5 χιλ. | N/A | N/A,5,Germany
315,Getsafe,L3,10  yrs,"Berlin, BE, Germany ","8,1 χιλ. | N/A | N/A",8.1,Germany
316,Celonis,IC2,2  yrs,"Munich, BY, Germany ","6,2 χιλ. | 1,3 χιλ. | 750",6.2,Germany
317,Delivery Hero,IC2,7  yrs,"Berlin, BE, Germany ","6,9 χιλ. | 675 | N/A",6.9,Germany
318,N26,L3,5  yrs,"Berlin, BE, Germany ","5,8 χιλ. | N/A | N/A",5.8,Germany
319,CHECK24,L1,2  yrs,"Munich, BY, Germany ","3,1 χιλ. | N/A | N/A",3.1,Germany
320,NIO,L6,11  yrs,"Berlin, BE, Germany ","10 χιλ. | 1,7 χιλ. | N/A",10,Germany
321,Deutsche Bank,-,3  yrs,"Frankfurt, HE, Germany ","6,2 χιλ. | N/A | 833,3",6.2,Germany
322,Dassault Systèmes,200,3  yrs,"Munich, BY, Germany ",5 χιλ. | N/A | N/A,5,Germany
323,Deutsche Bank,AVP,5  yrs,"Berlin, BE, Germany ","6,5 χιλ. | N/A | N/A",6.5,Germany
324,Delivery Hero,IC1,2  yrs,"Berlin, BE, Germany ","5,6 χιλ. | N/A | N/A",5.6,Germany
325,Bliq,hidden,5-10  yrs,"Berlin, BE, Germany ","6,7 χιλ. | N/A | N/A",6.7,Germany
326,Wolt,L4,6  yrs,"Berlin, BE, Germany ","7,5 χιλ. | 3,8 χιλ. | N/A",7.5,Germany
327,N/A,hidden,11+  yrs,"Stuttgart, BW, Germany ","5,8 χιλ. | N/A | N/A",5.8,Germany
328,Cariad,Senior Software Engineer,10  yrs,"Berlin, BE, Germany ","8,2 χιλ. | N/A | N/A",8.2,Germany
329,Mediaire,Junior Software Engineer,1  yr,"Aalen, BW, Germany ","3,3 χιλ. | N/A | 100",3.3,Germany
330,Delivery Hero,IC3,14  yrs,"Berlin, BE, Germany ","8,2 χιλ. | 1,7 χιλ. | N/A",8.2,Germany
331,Mars Agency,L4,10  yrs,"Frankfurt, HE, Germany ","7,1 χιλ. | N/A | N/A",7.1,Germany
332,CHECK24,Lead Software Engineer,14  yrs,"Munich, BY, Germany ","8,3 χιλ. | N/A | 833,3",8.3,Germany
333,Engel Und Völkers...,-,23  yrs,"Berlin, BE, Germany ",6 χιλ. | N/A | N/A,6,Germany
334,Delivery Hero,IC3,14  yrs,"Berlin, BE, Germany ","8,2 χιλ. | 1,7 χιλ. | N/A",8.2,Germany
335,Amazon,SDE I,5  yrs,"Berlin, BE, Germany ","5,5 χιλ. | 833,3 | N/A",5.5,Germany
336,Wooga,Senior,7  yrs,"Berlin, BE, Germany ","8,3 χιλ. | N/A | N/A",8.3,Germany
337,SAP,T3,7  yrs,"Berlin, BE, Germany ","8,3 χιλ. | 833,3 | N/A",8.3,Germany
338,Zeiss Group,Software Engineer,4  yrs,"Munich, BY, Germany ","5,3 χιλ. | N/A | 333,3",5.3,Germany
339,Everest Systems,-,5  yrs,"Heidelberg, BW, Germany ","7,5 χιλ. | 520,8 | N/A",7.5,Germany
340,Bosch Global,SL4,3  yrs,"Berlin, BE, Germany ","6,3 χιλ. | N/A | N/A",6.3,Germany
341,Narda,Senior,20  yrs,"Stuttgart, BW, Germany ","8,3 χιλ. | N/A | N/A",8.3,Germany
342,Agilent Technologies,L1,2-4  yrs,"Karlsruhe, BW, Germany ","5,1 χιλ. | N/A | 255",5.1,Germany
343,SAP,T3,12  yrs,"Aachen, NW, Germany ","6,5 χιλ. | N/A | 342,1",6.5,Germany
344,Mediafellows Gmbh,-,17  yrs,"Berlin, BE, Germany ","7,8 χιλ. | N/A | N/A",7.8,Germany
345,Deutsche Bank,AVP,1  yr,"Berlin, BE, Germany ","7,2 χιλ. | N/A | 500",7.2,Germany
346,Wuerth Elektronik,Senior,8  yrs,"Berlin, BE, Germany ","5,8 χιλ. | N/A | N/A",5.8,Germany
347,Pet Media Group,-,11  yrs,"Berlin, BE, Germany ",7 χιλ. | N/A | N/A,7,Germany
348,Volkswagen,Software Engineer,10  yrs,"Braunschweig, NI, Germany ","6,6 χιλ. | N/A | N/A",6.6,Germany
349,Aldi,1,18  yrs,"Cologne, NW, Germany ","7,7 χιλ. | N/A | N/A",7.7,Germany
350,Integrity Next,L3,4  yrs,"Munich, BY, Germany ","5,8 χιλ. | N/A | N/A",5.8,Germany
351,Redcare Pharmacy,Senior,7  yrs,"Berlin, BE, Germany ","6,3 χιλ. | N/A | N/A",6.3,Germany
352,Digital Turbine,L3,5  yrs,"Berlin, BE, Germany ","6,7 χιλ. | 333,3 | 833,3",6.7,Germany
353,Amazon,SDE II,15  yrs,"Berlin, BE, Germany ","8,7 χιλ. | 4,2 χιλ. | N/A",8.7,Germany
354,Zalando,C6,8  yrs,"Berlin, BE, Germany ","7,1 χιλ. | N/A | N/A",7.1,Germany
355,Infineon Technolo...,Software Engineer,2  yrs,"Munich, BY, Germany ","1,6 χιλ. | N/A | N/A",1.6,Germany
356,Stabl,-,0  yrs,"Munich, BY, Germany ","4,6 χιλ. | N/A | N/A",4.6,Germany
357,UP42,L2,6  yrs,"Berlin, BE, Germany ","6,3 χιλ. | N/A | 833,3",6.3,Germany
358,Accenture,Senior Software Engineer,22  yrs,"Munich, BY, Germany ","7,4 χιλ. | N/A | N/A",7.4,Germany
359,N/A,-,5  yrs,"Karlsruhe, BW, Germany ","5,6 χιλ. | N/A | N/A",5.6,Germany
360,SoSafe,Mid Level,5  yrs,"Frankfurt, HE, Germany ","5,4 χιλ. | N/A | N/A",5.4,Germany
361,Amazon,SDE II,10  yrs,"Berlin, BE, Germany ","7,5 χιλ. | 2,1 χιλ. | N/A",7.5,Germany
362,Wolt,I5,6  yrs,"Berlin, BE, Germany ","7,5 χιλ. | 3,3 χιλ. | N/A",7.5,Germany
363,Delivery Hero,IC3,15  yrs,"Berlin, BE, Germany ","8 χιλ. | 1,5 χιλ. | N/A",8,Germany
364,ADS-TEC Energy,-,5  yrs,"Stuttgart, BW, Germany ","5,8 χιλ. | N/A | N/A",5.8,Germany
365,Amazon,SDE I,5  yrs,"Berlin, BE, Germany ","6,2 χιλ. | 1,7 χιλ. | N/A",6.2,Germany
366,Trawa,L3,5  yrs,"Berlin, BE, Germany ","6,3 χιλ. | N/A | N/A",6.3,Germany
367,E.solutions,Senior,3  yrs,"Ingolstadt, BY, Germany ","5,7 χιλ. | N/A | 333,3",5.7,Germany
368,Volkswagen,13,5  yrs,"Berlin, BE, Germany ","5,3 χιλ. | N/A | 833,3",5.3,Germany
369,Deutsche Bank,Associate,4  yrs,"Berlin, BE, Germany ",6 χιλ. | N/A | N/A,6,Germany
370,Mieterengel,L1,2  yrs,"Berlin, BE, Germany ","4,5 χιλ. | N/A | N/A",4.5,Germany
371,Zalando,C6,4  yrs,"Dortmund, NW, Germany ","5,8 χιλ. | N/A | N/A",5.8,Germany
372,ServiceNow,IC4,15  yrs,"Berlin, BE, Germany ","8,3 χιλ. | 5,8 χιλ. | 1,3 χιλ.",8.3,Germany
373,Just Eat,Senior,9  yrs,"Berlin, BE, Germany ","7,6 χιλ. | 583,3 | N/A",7.6,Germany
374,Commerzbank,L4,0  yrs,"Frankfurt, HE, Germany ","5,7 χιλ. | N/A | N/A",5.7,Germany
375,MBition,Senior,10  yrs,"Berlin, BE, Germany ","5,8 χιλ. | N/A | 833,3",5.8,Germany
376,N/A,hidden,5-10  yrs,"Berlin, BE, Germany ","5,4 χιλ. | N/A | N/A",5.4,Germany
377,N/A,hidden,11+  yrs,"Munich, BY, Germany ","6,5 χιλ. | N/A | N/A",6.5,Germany
378,N26,L5,25  yrs,"Berlin, BE, Germany ","9,7 χιλ. | N/A | N/A",9.7,Germany
379,Gedys,-,7  yrs,"Fulda, HE, Germany ","4,2 χιλ. | N/A | N/A",4.2,Germany
380,N/A,hidden,5-10  yrs,"Frankfurt, HE, Germany ","6,2 χιλ. | N/A | 125",6.2,Germany
381,Zooplus,L6,10  yrs,"Munich, BY, Germany ","5,8 χιλ. | N/A | 583,3",5.8,Germany
382,d-fine,Senior Consultant,3  yrs,"Berlin, BE, Germany ","7,4 χιλ. | N/A | 1 χιλ.",7.4,Germany
383,Abbelen,T2,7  yrs,"Krefeld, NW, Germany ","6,3 χιλ. | N/A | N/A",6.3,Germany
384,Luxoft,L4,18  yrs,"Stuttgart, BW, Germany ","7,1 χιλ. | N/A | N/A",7.1,Germany
385,Controlexpert,-,4  yrs,"Dusseldorf, NW, Germany ","5,4 χιλ. | N/A | N/A",5.4,Germany
386,Cloudflare,L1,10  yrs,"Berlin, BE, Germany ","8,3 χιλ. | 2,1 χιλ. | N/A",8.3,Germany
387,Hasso Plattner In...,-,7  yrs,"Potsdam, BB, Germany ",5 χιλ. | N/A | N/A,5,Germany
388,Managed İT,Working Student,2  yrs,"Hamburg, HH, Germany ","2,9 χιλ. | N/A | N/A",2.9,Germany
389,N/A,hidden,5-10  yrs,"Hamburg, HH, Germany ","5,7 χιλ. | N/A | N/A",5.7,Germany
390,adesso,Software Engineer,7  yrs,"Stuttgart, BW, Germany ","5,8 χιλ. | N/A | N/A",5.8,Germany
391,Rola Security Sol...,Junior,2  yrs,"Oberhausen, NW, Germany ","4,3 χιλ. | N/A | N/A",4.3,Germany
392,Zerog,Lead,7  yrs,"Frankfurt, HE, Germany ","6,8 χιλ. | N/A | 683,3",6.8,Germany
393,Siemens Healthineers,0,1  yr,"Erlangen, BY, Germany ","5,4 χιλ. | N/A | N/A",5.4,Germany
394,Tradebyte,C4,10  yrs,"Ansbach, BY, Germany ","5,2 χιλ. | N/A | N/A",5.2,Germany
395,adesso,Senior Software Engineer,10  yrs,"Dortmund, NW, Germany ","5,2 χιλ. | N/A | N/A",5.2,Germany
396,Zalando,C7,9  yrs,"Berlin, BE, Germany ","9,2 χιλ. | N/A | N/A",9.2,Germany
397,Deutsche Bank,AVP,3  yrs,"Berlin, BE, Germany ","6,7 χιλ. | N/A | 833,3",6.7,Germany
398,Genius Business S...,-,5  yrs,"Bochum, NW, Germany ","7,1 χιλ. | N/A | N/A",7.1,Germany
399,N/A,hidden,2-4  yrs,"Aachen, NW, Germany ","5,4 χιλ. | N/A | N/A",5.4,Germany
400,Amazon,SDE I,1  yr,"Berlin, BE, Germany ","6,3 χιλ. | 1 χιλ. | N/A",6.3,Germany
401,Airbus,Software Engineer I,4  yrs,"Munich, BY, Germany ","6,7 χιλ. | N/A | N/A",6.7,Germany
402,Mondu,L4,10  yrs,"Berlin, BE, Germany ","6,7 χιλ. | N/A | N/A",6.7,Germany
403,Researchgate,hidden,5-10  yrs,"Berlin, BE, Germany ","7,2 χιλ. | N/A | N/A",7.2,Germany
404,BMW Group,EG10Software Engineer I,0  yrs,"Munich, BY, Germany ","5,8 χιλ. | N/A | N/A",5.8,Germany
405,PwC,Entry,0  yrs,"Munich, BY, Germany ","4,5 χιλ. | N/A | N/A",4.5,Germany
406,Oracle,IC-4,11  yrs,"Berlin, BE, Germany ","7,1 χιλ. | N/A | N/A",7.1,Germany
407,N/A,hidden,5-10  yrs,"Berlin, BE, Germany ","5,8 χιλ. | N/A | N/A",5.8,Germany
408,SumUp,Senior Software Engineer,14  yrs,"Cologne, NW, Germany ","7,3 χιλ. | N/A | N/A",7.3,Germany
409,Amazon,SDE II,6  yrs,"Berlin, BE, Germany ","8 χιλ. | 1,7 χιλ. | N/A",8,Germany
410,Konux,Senior,7  yrs,"Munich, BY, Germany ","10 χιλ. | 833,3 | N/A",10,Germany
411,Carglass,L11,6  yrs,"Cologne, NW, Germany ","6,7 χιλ. | N/A | 500",6.7,Germany
412,Wave Mobile Money,L4,15  yrs,"Karlsruhe, BW, Germany ",11 χιλ. | N/A | N/A,11,Germany
413,Procuros,Senior,17  yrs,"Hamburg, HH, Germany ","7,5 χιλ. | N/A | N/A",7.5,Germany
414,DB Systel,TG7,7  yrs,"Erfurt, TH, Germany ","6,8 χιλ. | N/A | 625",6.8,Germany
415,Zertificon Solutions,Principal,17  yrs,"Berlin, BE, Germany ",6 χιλ. | N/A | N/A,6,Germany
416,Google,L5,25  yrs,"Munich, BY, Germany ","10,2 χιλ. | 6,7 χιλ. | 1,9 χιλ.",10.2,Germany
417,ProSiebenSat.1,hidden,11+  yrs,"Munich, BY, Germany ","7,5 χιλ. | N/A | 583,3",7.5,Germany
418,iteratec,-,4  yrs,"Munich, BY, Germany ",5 χιλ. | N/A | N/A,5,Germany
419,Zalando,C8,17  yrs,"Dortmund, NW, Germany ",10 χιλ. | 750 | N/A,10,Germany
420,Visable Labs,L3,13  yrs,"Berlin, BE, Germany ","6,7 χιλ. | N/A | N/A",6.7,Germany
421,N/A,hidden,5-10  yrs,"Berlin, BE, Germany ","6,7 χιλ. | 833,3 | N/A",6.7,Germany
422,N/A,hidden,2-4  yrs,"Cottbus, BB, Germany ","5,2 χιλ. | N/A | 108,3",5.2,Germany
423,Primion Technology,L2,3  yrs,"Stuttgart, BW, Germany ","4,6 χιλ. | N/A | N/A",4.6,Germany
424,ThoughtWorks,Senior Consultant,8  yrs,"Munich, BY, Germany ","6,8 χιλ. | N/A | 333,3",6.8,Germany
425,Bolt (EU),L4,9  yrs,"Berlin, BE, Germany ","8 χιλ. | 1,7 χιλ. | N/A",8,Germany
426,N/A,hidden,5-10  yrs,"Berlin, BE, Germany ","7,5 χιλ. | N/A | N/A",7.5,Germany
427,Findiq,-,5  yrs,"Herford, NW, Germany ","4,6 χιλ. | N/A | N/A",4.6,Germany
428,Wolt,L4,8  yrs,"Berlin, BE, Germany ","6,4 χιλ. | 1,2 χιλ. | N/A",6.4,Germany
429,Intek,7,12  yrs,"Munich, BY, Germany ","7,9 χιλ. | 1,3 χιλ. | N/A",7.9,Germany
430,UXCam,L2,8  yrs,"Berlin, BE, Germany ","6,3 χιλ. | N/A | N/A",6.3,Germany
431,Wooga,L2,4  yrs,"Berlin, BE, Germany ","5,4 χιλ. | N/A | 250",5.4,Germany
432,PwC,L2,3  yrs,"Munich, BY, Germany ","5,2 χιλ. | N/A | 250",5.2,Germany
433,IBM,Staff Engineer,4  yrs,"Me, BW, Germany ","7,1 χιλ. | 500 | 333,3",7.1,Germany
434,Robinson Club,L3,4  yrs,"Hannover, NI, Germany ","4,6 χιλ. | N/A | 416,7",4.6,Germany
435,Wayfair,L1,4  yrs,"Berlin, BE, Germany ","4,5 χιλ. | N/A | N/A",4.5,Germany
436,SAP SE,T4,22  yrs,"Walldorf, BW, Germany ","8,3 χιλ. | 3,3 χιλ. | N/A",8.3,Germany
437,Robinson Club,-,4  yrs,"Hannover, NI, Germany ","4,6 χιλ. | N/A | 416,7",4.6,Germany
438,JPMorgan Chase,Associate,4  yrs,"Munich, BY, Germany ","7,1 χιλ. | N/A | N/A",7.1,Germany
439,Capgemini,A4,3  yrs,"Hamburg, HH, Germany ","4,9 χιλ. | N/A | 250",4.9,Germany
440,Aiven,L5,7  yrs,"Berlin, BE, Germany ","8,3 χιλ. | N/A | N/A",8.3,Germany
441,Delivery Hero,IC3,8  yrs,"Berlin, BE, Germany ","8,9 χιλ. | 1,4 χιλ. | N/A",8.9,Germany
442,Zalando,C7,15  yrs,"Berlin, BE, Germany ","7,8 χιλ. | N/A | N/A",7.8,Germany
443,HubSpot,Senior Software Engineer II,15  yrs,"Berlin, BE, Germany ","13,3 χιλ. | 5 χιλ. | N/A",13.3,Germany
444,Zalando,C7,10  yrs,"Berlin, BE, Germany ","8,3 χιλ. | N/A | N/A",8.3,Germany
445,AMD,MTS,25  yrs,"Cologne, NW, Germany ","8,7 χιλ. | 3,3 χιλ. | N/A",8.7,Germany
446,1&1 Mail & Media,Medior,8  yrs,"Karlsruhe, BW, Germany ","6,1 χιλ. | N/A | N/A",6.1,Germany
447,Align Technology,L7,10  yrs,"Darmstadt, HE, Germany ","6,7 χιλ. | 833,3 | N/A",6.7,Germany
448,Bosch Global,EG15,8  yrs,"Stuttgart, BW, Germany ","8,5 χιλ. | N/A | N/A",8.5,Germany
449,eBay,SE 3,10  yrs,"Berlin, BE, Germany ","6,7 χιλ. | 916,7 | 250",6.7,Germany
450,SAP SE,T4,8  yrs,"Saarbrucken, SL, Germany ","8,6 χιλ. | 1,1 χιλ. | 858,3",8.6,Germany
451,GetYourGuide,L6,9  yrs,"Berlin, BE, Germany ","9,2 χιλ. | 1,2 χιλ. | N/A",9.2,Germany
452,SAP,T3,11  yrs,"Munich, BY, Germany ","7,4 χιλ. | 500 | N/A",7.4,Germany
453,Leya,L5,15  yrs,"Stuttgart, BW, Germany ","6,7 χιλ. | N/A | N/A",6.7,Germany
454,RWE,Senior,12  yrs,"Essen, NW, Germany ","8,4 χιλ. | N/A | 833,3",8.4,Germany
455,Mobimeo,Senior,6  yrs,"Berlin, BE, Germany ","6,3 χιλ. | N/A | N/A",6.3,Germany
456,Mercedes-Benz,T9,16  yrs,"Cologne, NW, Germany ","6,8 χιλ. | N/A | N/A",6.8,Germany
457,Zalando,C8,12  yrs,"Berlin, BE, Germany ","9,3 χιλ. | 608,3 | N/A",9.3,Germany
458,N/A,hidden,5-10  yrs,"Dresden, SN, Germany ","6,5 χιλ. | N/A | N/A",6.5,Germany
459,Amazon,SDE II,11  yrs,"Berlin, BE, Germany ","8 χιλ. | 1,5 χιλ. | N/A",8,Germany
460,Zalando,C7,10  yrs,"Berlin, BE, Germany ","8,3 χιλ. | N/A | N/A",8.3,Germany
461,Excelsior gmbh,L5,13  yrs,"Berlin, BE, Germany ","6,3 χιλ. | N/A | N/A",6.3,Germany
462,DKB Code Factory,Senior,6  yrs,"Berlin, BE, Germany ","7,5 χιλ. | N/A | N/A",7.5,Germany
463,C24 Bank,-,1  yr,"Frankfurt, HE, Germany ","4,4 χιλ. | 166,7 | N/A",4.4,Germany
464,Miro,Staff SWE,12  yrs,"Berlin, BE, Germany ","10,8 χιλ. | N/A | N/A",10.8,Germany
465,Analog Devices,P1,4  yrs,"Hamburg, HH, Germany ","3,3 χιλ. | N/A | N/A",3.3,Germany
466,LMU,tvl13,5  yrs,"Munich, BY, Germany ","5,3 χιλ. | N/A | N/A",5.3,Germany
467,Camunda,L3,20  yrs,"Berlin, BE, Germany ","8,3 χιλ. | N/A | N/A",8.3,Germany
468,Valeo,Software Engineer II,7  yrs,"Stuttgart, BW, Germany ","6,6 χιλ. | N/A | N/A",6.6,Germany
469,Personio,L5B,8  yrs,"Munich, BY, Germany ","10 χιλ. | 3,3 χιλ. | N/A",10,Germany
470,Zendesk,Staff Software Engineer,15  yrs,"Munich, BY, Germany ","9,6 χιλ. | N/A | 958,3",9.6,Germany
471,CHECK24,Junior Software Engineer,1  yr,"Munich, BY, Germany ","4,6 χιλ. | N/A | N/A",4.6,Germany
472,Blinkist,L2,5  yrs,"Berlin, BE, Germany ","6,2 χιλ. | N/A | N/A",6.2,Germany
473,Woodmark Consulti...,Mid Level,3  yrs,"Munich, BY, Germany ","4,8 χιλ. | N/A | N/A",4.8,Germany
474,selt employed,-,20  yrs,"Me, BW, Germany ",7 χιλ. | N/A | N/A,7,Germany
475,GetYourGuide,L5,5  yrs,"Berlin, BE, Germany ","9,2 χιλ. | N/A | N/A",9.2,Germany
476,Intel,Grade 9,16  yrs,"Munich, BY, Germany ","12,2 χιλ. | 3,7 χιλ. | 1,4 χιλ.",12.2,Germany
477,Deutsche Bahn,L2,5-10  yrs,"Frankfurt, HE, Germany ",6 χιλ. | N/A | N/A,6,Germany
478,Intel,Grade 6,14  yrs,"Munich, BY, Germany ","10 χιλ. | 1,7 χιλ. | N/A",10,Germany
479,Continental Tires,L6,24  yrs,"Wetzlar, HE, Germany ","8,8 χιλ. | N/A | 1 χιλ.",8.8,Germany
480,Siemens AG,-,20  yrs,"Chemnitz, SN, Germany ","6,5 χιλ. | N/A | N/A",6.5,Germany
481,Commerzbank,Software Engineer,4  yrs,"Frankfurt, HE, Germany ","6,5 χιλ. | N/A | 416,7",6.5,Germany
482,OBI,3,6  yrs,"Cologne, NW, Germany ","6,1 χιλ. | N/A | N/A",6.1,Germany
483,Corsair,Senior Software Engineer,20  yrs,"Munich, BY, Germany ","8,3 χιλ. | N/A | N/A",8.3,Germany
484,Semrush,L4,5  yrs,"Berlin, BE, Germany ","6,7 χιλ. | N/A | N/A",6.7,Germany
485,Wolt,L5,13  yrs,"Berlin, BE, Germany ",8 χιλ. | 2 χιλ. | N/A,8,Germany
486,IU Internationale...,L2,7  yrs,"Berlin, BE, Germany ","6,6 χιλ. | N/A | N/A",6.6,Germany
487,CGI,L3,6  yrs,"Berlin, BE, Germany ",4 χιλ. | 100 | N/A,4,Germany
488,KION Group,-,4  yrs,"Frankfurt, HE, Germany ","4,6 χιλ. | N/A | N/A",4.6,Germany
489,Adtran,Senior Software Engineer,7  yrs,"Berlin, BE, Germany ","6,4 χιλ. | N/A | N/A",6.4,Germany
490,TUI,3,7  yrs,"Hannover, NI, Germany ","5,3 χιλ. | N/A | 250",5.3,Germany
491,N/A,hidden,5-10  yrs,"Berlin, BE, Germany ","5,5 χιλ. | N/A | N/A",5.5,Germany
492,SumUp,Senior Software Engineer,15  yrs,"Berlin, BE, Germany ","7,8 χιλ. | N/A | N/A",7.8,Germany
493,Personio,L5,7  yrs,"Munich, BY, Germany ","8,4 χιλ. | 833,3 | N/A",8.4,Germany
494,Delivery Hero,IC4,10  yrs,"Berlin, BE, Germany ","7,9 χιλ. | N/A | N/A",7.9,Germany
495,Microsoft,64,18  yrs,"Stuttgart, BW, Germany ","10,4 χιλ. | 1,3 χιλ. | 1,3 χιλ.",10.4,Germany
496,Red Hat,L2,15  yrs,"Berlin, BE, Germany ","6,6 χιλ. | N/A | N/A",6.6,Germany
497,Deutsche Borse,L3,10  yrs,"Frankfurt, HE, Germany ","7,1 χιλ. | N/A | 833,3",7.1,Germany
498,Zalando,C7,8  yrs,"Berlin, BE, Germany ","7,5 χιλ. | N/A | N/A",7.5,Germany
499,ZF Group,EG14,7  yrs,"Friedrichshafen, BW, Germany ","6,6 χιλ. | N/A | N/A",6.6,Germany
500,Infineon Technolo...,Senior Software Engineer,5  yrs,"Dresden, SN, Germany ","6,2 χιλ. | N/A | N/A",6.2,Germany
501,SAP,T3,7  yrs,"Munich, BY, Germany ","7,1 χιλ. | 1,7 χιλ. | 416,7",7.1,Germany
502,Grammarly,L3,8  yrs,"Berlin, BE, Germany ","9,2 χιλ. | 1,7 χιλ. | N/A",9.2,Germany
503,Mediafellows,L3,10  yrs,"Berlin, BE, Germany ","6,7 χιλ. | N/A | N/A",6.7,Germany
504,SumUp,L5,10  yrs,"Berlin, BE, Germany ","9,2 χιλ. | 708,3 | 166,7",9.2,Germany
505,Snowflake,IC2,4  yrs,"Berlin, BE, Germany ","8,3 χιλ. | 4,2 χιλ. | N/A",8.3,Germany
506,Verisk,L3,8  yrs,"Cologne, NW, Germany ","5,3 χιλ. | N/A | N/A",5.3,Germany
507,N/A,-,5  yrs,"Neuss, NW, Germany ","7,7 χιλ. | N/A | N/A",7.7,Germany
508,Productboard,L5,13  yrs,"Berlin, BE, Germany ",12 χιλ. | N/A | N/A,12,Germany
509,Karlsruhe Institu...,E13-3,5  yrs,"Karlsruhe, BW, Germany ","5,2 χιλ. | N/A | 202,2",5.2,Germany
510,Intel,Grade 6,7  yrs,"Munich, BY, Germany ","6,9 χιλ. | 683,3 | 225",6.9,Germany
511,Docker,3,6  yrs,"Frankfurt, HE, Germany ","6,5 χιλ. | 500 | 416,7",6.5,Germany
512,Wayfair,L3,15  yrs,"Berlin, BE, Germany ","8,3 χιλ. | 4,2 χιλ. | N/A",8.3,Germany
513,Atlas Elektronik,L1,0  yrs,"Bremen, HB, Germany ","5,2 χιλ. | N/A | 429,2",5.2,Germany
514,OTTO,L2,8  yrs,"Hamburg, HH, Germany ","4,9 χιλ. | N/A | N/A",4.9,Germany
515,Tesla,P2,5  yrs,"Berlin, BE, Germany ",6 χιλ. | 625 | N/A,6,Germany
516,Karlsruhe Institu...,E13-2,5  yrs,"Karlsruhe, BW, Germany ","5,4 χιλ. | N/A | N/A",5.4,Germany
517,Careem,hidden,5-10  yrs,"Berlin, BE, Germany ","11,1 χιλ. | 1,7 χιλ. | N/A",11.1,Germany
518,Auto1,L3,8  yrs,"Berlin, BE, Germany ","6,7 χιλ. | N/A | N/A",6.7,Germany
519,MHP,Senior Developer,6  yrs,"Ludwigsburg, BW, Germany ","5,9 χιλ. | N/A | 1 χιλ.",5.9,Germany
520,IBM,Staff Engineer,7  yrs,"Stuttgart, BW, Germany ","7,1 χιλ. | N/A | N/A",7.1,Germany
521,Stadtwerke München,hidden,5-10  yrs,"Munich, BY, Germany ","7,2 χιλ. | N/A | N/A",7.2,Germany
522,N/A,hidden,5-10  yrs,"Erfurt, TH, Germany ","8,8 χιλ. | N/A | N/A",8.8,Germany
523,DHL,Senior ML Engineer,3  yrs,"Bonn, NW, Germany ",5 χιλ. | N/A | 1 χιλ.,5,Germany
524,Klar,L4,5  yrs,"Berlin, BE, Germany ",6 χιλ. | N/A | N/A,6,Germany
525,Intel,Grade 7,11  yrs,"Munich, BY, Germany ","8,5 χιλ. | 1,3 χιλ. | N/A",8.5,Germany
526,Zalando,C5,3  yrs,"Berlin, BE, Germany ","4,5 χιλ. | N/A | N/A",4.5,Germany
527,TIER,L3,8  yrs,"Berlin, BE, Germany ","7,7 χιλ. | N/A | N/A",7.7,Germany
528,iteratec,hidden,5-10  yrs,"Munich, BY, Germany ","7,6 χιλ. | N/A | 83,3",7.6,Germany
529,Deutsche Bank,Associate,9  yrs,"Berlin, BE, Germany ","6,5 χιλ. | N/A | N/A",6.5,Germany
530,German Aerospace ...,E13/4,7  yrs,"Munich, BY, Germany ","6,2 χιλ. | N/A | N/A",6.2,Germany
531,Huawei,16,5  yrs,"Munich, BY, Germany ","8,1 χιλ. | 500 | 1,3 χιλ.",8.1,Germany
532,Aleph Alpha,IC3,2-4  yrs,"Heidelberg, BW, Germany ","6,9 χιλ. | N/A | N/A",6.9,Germany
533,Volkswagen,-,10  yrs,"Berlin, BE, Germany ","6,7 χιλ. | N/A | 541,7",6.7,Germany
534,Mercedes-Benz,EG15,9  yrs,"Stuttgart, BW, Germany ","9,6 χιλ. | N/A | 416,7",9.6,Germany
535,Paradox Cat,-,7  yrs,"Munich, BY, Germany ","8,1 χιλ. | N/A | N/A",8.1,Germany
536,JetBrains,L5,15  yrs,"Munich, BY, Germany ","12,5 χιλ. | N/A | 1,7 χιλ.",12.5,Germany
537,Aignostics,L4,2  yrs,"Berlin, BE, Germany ","6,3 χιλ. | N/A | N/A",6.3,Germany
538,Netlight,Senior Consultant,4  yrs,"Munich, BY, Germany ","6,2 χιλ. | N/A | 833,3",6.2,Germany
539,N/A,hidden,0-1  yrs,"Stuttgart, BW, Germany ","4,5 χιλ. | N/A | N/A",4.5,Germany
540,ARRK,Developer,10  yrs,"Munich, BY, Germany ","6,5 χιλ. | N/A | N/A",6.5,Germany
541,ING,Software Engineer 4,13  yrs,"Frankfurt, HE, Germany ","6,9 χιλ. | N/A | 708,3",6.9,Germany
542,Lightspeed Commerce,Staff Engineer,11  yrs,"Berlin, BE, Germany ","9,2 χιλ. | N/A | N/A",9.2,Germany
543,Volkswagen,Senior,4  yrs,"Berlin, BE, Germany ","7,6 χιλ. | N/A | 633,3",7.6,Germany
544,Rheinmetall,L3,5  yrs,"Hamburg, HH, Germany ","5,7 χιλ. | N/A | N/A",5.7,Germany
545,SIXT,Staff Software Engineer,8  yrs,"Munich, BY, Germany ","8,2 χιλ. | N/A | N/A",8.2,Germany
546,Mercedes-Benz,T6,12  yrs,"Stuttgart, BW, Germany ","8,1 χιλ. | N/A | 833,3",8.1,Germany
547,Bosch Global,EG14,5  yrs,"Stuttgart, BW, Germany ","7,1 χιλ. | N/A | 208,3",7.1,Germany
548,Amazon,SDE II,7  yrs,"Berlin, BE, Germany ","7,7 χιλ. | 2,5 χιλ. | N/A",7.7,Germany
549,ferret-go,-,4  yrs,"Berlin, BE, Germany ",5 χιλ. | N/A | N/A,5,Germany
550,Zalando,C6,6  yrs,"Berlin, BE, Germany ","7,5 χιλ. | N/A | N/A",7.5,Germany
551,wekraum,L2,6  yrs,"Karlsruhe, BW, Germany ",4 χιλ. | N/A | N/A,4,Germany
552,Ommax,L1,3  yrs,"Munich, BY, Germany ","1,8 χιλ. | N/A | N/A",1.8,Germany
553,Exxeta,L1,1  yr,"Berlin, BE, Germany ","1,3 χιλ. | N/A | N/A",1.3,Germany
554,MBition,L3,10  yrs,"Berlin, BE, Germany ","6,8 χιλ. | N/A | N/A",6.8,Germany
555,SAP,T4,15  yrs,"Berlin, BE, Germany ","8 χιλ. | 1,3 χιλ. | N/A",8,Germany
556,Software AG,hidden,0-1  yrs,"Darmstadt, HE, Germany ","4,8 χιλ. | N/A | N/A",4.8,Germany
557,MBition,hidden,5-10  yrs,"Berlin, BE, Germany ","6,6 χιλ. | N/A | 1,1 χιλ.",6.6,Germany
558,SIXT,SDE III,11  yrs,"Munich, BY, Germany ",8 χιλ. | N/A | N/A,8,Germany
559,Wayfair,L2,10  yrs,"Berlin, BE, Germany ","8,3 χιλ. | N/A | N/A",8.3,Germany
560,Google,L5,8  yrs,"Munich, BY, Germany ","10,5 χιλ. | 5,4 χιλ. | 1,8 χιλ.",10.5,Germany
561,SHC Group,L2,7  yrs,"Augsburg, BY, Germany ","7,7 χιλ. | N/A | N/A",7.7,Germany
562,Stadt Konstanz,L3,10  yrs,"Konstanz, BW, Germany ","5,8 χιλ. | N/A | N/A",5.8,Germany
563,TE Connectivity,Senior Software Engineer,11  yrs,"Bensheim, HE, Germany ","7,4 χιλ. | N/A | N/A",7.4,Germany
564,HelloFresh,Senior Software Engineer,9  yrs,"Berlin, BE, Germany ","6,8 χιλ. | 666,7 | N/A",6.8,Germany
565,Expleo Group,L1,0  yrs,"Berlin, BE, Germany ","4,2 χιλ. | N/A | N/A",4.2,Germany
566,ING,Software Engineer 4,12  yrs,"Frankfurt, HE, Germany ","9,2 χιλ. | N/A | N/A",9.2,Germany
567,Tradeshift,L6,14  yrs,"Dusseldorf, NW, Germany ","7,1 χιλ. | N/A | N/A",7.1,Germany
568,SumUp,Software Engineer,8  yrs,"Berlin, BE, Germany ","6,7 χιλ. | N/A | N/A",6.7,Germany
569,Kalo,-,9  yrs,"Hamburg, HH, Germany ","6,6 χιλ. | N/A | N/A",6.6,Germany
570,Google,L3,8  yrs,"Frankfurt, HE, Germany ","7,4 χιλ. | 833,3 | N/A",7.4,Germany
571,ING,Software Engineer 3,12  yrs,"Berlin, BE, Germany ","7,3 χιλ. | N/A | N/A",7.3,Germany
572,N/A,hidden,5-10  yrs,"Frankfurt, HE, Germany ","6,3 χιλ. | N/A | N/A",6.3,Germany
573,Radancy,Senior,7  yrs,"Hamburg, HH, Germany ","8,5 χιλ. | N/A | N/A",8.5,Germany
574,Simplytest,L3,8  yrs,"Berlin, BE, Germany ","6,7 χιλ. | N/A | N/A",6.7,Germany
575,GetYourGuide,L3,1  yr,"Berlin, BE, Germany ","10,8 χιλ. | N/A | N/A",10.8,Germany
576,Clark,-,3  yrs,"Frankfurt, HE, Germany ","5,8 χιλ. | N/A | N/A",5.8,Germany
577,adesso,Senior Software Engineer,8  yrs,"Munich, BY, Germany ","6,3 χιλ. | N/A | N/A",6.3,Germany
578,Mercedes-Benz,T7,10  yrs,"Sindelfingen, BW, Germany ","8,8 χιλ. | N/A | N/A",8.8,Germany
579,Okta,Staff Software Engineer,18  yrs,"Munich, BY, Germany ","10,3 χιλ. | 1,7 χιλ. | 1 χιλ.",10.3,Germany
580,Valeo,L3,10  yrs,"Munich, BY, Germany ","8,7 χιλ. | N/A | N/A",8.7,Germany
581,Zalando,C7,9  yrs,"Berlin, BE, Germany ","7,5 χιλ. | N/A | N/A",7.5,Germany
582,Technology & Stra...,L2,4  yrs,"Stuttgart, BW, Germany ",5 χιλ. | N/A | N/A,5,Germany
583,Enpal,Senior,17  yrs,"Berlin, BE, Germany ","7,5 χιλ. | N/A | N/A",7.5,Germany
584,CarOnSale,-,6  yrs,"Berlin, BE, Germany ",7 χιλ. | N/A | N/A,7,Germany
585,SHC Group,-,10  yrs,"Augsburg, BY, Germany ","8,7 χιλ. | N/A | N/A",8.7,Germany
586,NewStore,L3,9  yrs,"Berlin, BE, Germany ","4,7 χιλ. | N/A | N/A",4.7,Germany
587,Infineon Technolo...,Senior Staff Software Engineer,15  yrs,"Munich, BY, Germany ","9,2 χιλ. | N/A | N/A",9.2,Germany
588,Amazon,SDE II,3  yrs,"Berlin, BE, Germany ","7,8 χιλ. | 2,2 χιλ. | N/A",7.8,Germany
589,Kuehne+Nagel,Software Engineer,4  yrs,"Hamburg, HH, Germany ","6,3 χιλ. | N/A | N/A",6.3,Germany
590,Wayfair,L3,10  yrs,"Berlin, BE, Germany ","9,6 χιλ. | 3,3 χιλ. | N/A",9.6,Germany
591,N/A,hidden,5-10  yrs,"Dresden, SN, Germany ",6 χιλ. | N/A | N/A,6,Germany
592,Infineon Technolo...,Senior Staff,7  yrs,"Munich, BY, Germany ","9,6 χιλ. | N/A | 625",9.6,Germany
593,Qt,L2,8  yrs,"Berlin, BE, Germany ","5,8 χιλ. | N/A | N/A",5.8,Germany
594,BMW Group,L0,1  yr,"Munich, BY, Germany ","4,9 χιλ. | N/A | N/A",4.9,Germany
595,DHL,L1,9  yrs,"Bonn, NW, Germany ","4,5 χιλ. | N/A | 625",4.5,Germany
596,Trade Republic,Software Engineer II,8  yrs,"Berlin, BE, Germany ","7,1 χιλ. | N/A | N/A",7.1,Germany
597,freiheit.com,Software Engineer II,4  yrs,"Hamburg, HH, Germany ","5,9 χιλ. | N/A | N/A",5.9,Germany
598,Wayfair,L2,17  yrs,"Berlin, BE, Germany ","6,7 χιλ. | 3,3 χιλ. | N/A",6.7,Germany
599,Atos,Junior Software Engineer,3  yrs,"Munich, BY, Germany ","5,2 χιλ. | N/A | N/A",5.2,Germany
600,Deutsche Bank,AVP,7  yrs,"Berlin, BE, Germany ",7 χιλ. | N/A | N/A,7,Germany
601,Alfred Wegener In...,TV L13,4  yrs,"Bremerhaven, HB, Germany ","5,8 χιλ. | N/A | N/A",5.8,Germany
602,All4Labels,L3,6  yrs,"Hamburg, HH, Germany ",5 χιλ. | N/A | N/A,5,Germany
603,Zooplus,70000,4  yrs,"Munich, BY, Germany ","5,8 χιλ. | N/A | N/A",5.8,Germany
604,SAP,T3,7  yrs,"Munich, BY, Germany ","7,1 χιλ. | 1,7 χιλ. | N/A",7.1,Germany
605,DATEV,Working Student,5  yrs,"Me, BW, Germany ","4,1 χιλ. | N/A | N/A",4.1,Germany
606,Wayfair,L3,7  yrs,"Berlin, BE, Germany ","9,5 χιλ. | 3,3 χιλ. | N/A",9.5,Germany
607,Vivid Money,-,9  yrs,"Berlin, BE, Germany ","6,2 χιλ. | N/A | N/A",6.2,Germany
608,dxFeed,L6,10  yrs,"Munich, BY, Germany ","7,5 χιλ. | N/A | N/A",7.5,Germany
609,Amazon,SDE I,4  yrs,"Berlin, BE, Germany ","7,7 χιλ. | 916,7 | N/A",7.7,Germany
610,Bielefeld University,E13,4  yrs,"Bielefeld, NW, Germany ",5 χιλ. | N/A | N/A,5,Germany
611,Fernride,hidden,5-10  yrs,"Munich, BY, Germany ","10 χιλ. | 416,7 | N/A",10,Germany
612,AppSmart,L3,15  yrs,"Wiesbaden, HE, Germany ","7,7 χιλ. | N/A | N/A",7.7,Germany
613,Veeva Systems,Software Engineer,5  yrs,"Frankfurt, HE, Germany ","6,9 χιλ. | 1,6 χιλ. | N/A",6.9,Germany
614,QuantCo,-,1  yr,"Munich, BY, Germany ","8,3 χιλ. | 416,7 | N/A",8.3,Germany
615,Zalando,C6,5  yrs,"Berlin, BE, Germany ","6,7 χιλ. | N/A | N/A",6.7,Germany
616,Grafana,Senior Software Engineer 2,12  yrs,"Munich, BY, Germany ","10 χιλ. | 1,8 χιλ. | N/A",10,Germany
617,SAP,T3,19  yrs,"Munich, BY, Germany ","8,6 χιλ. | 1,3 χιλ. | 633,3",8.6,Germany
618,Anschütz,Software Engineer,7  yrs,"Kiel, SH, Germany ","7,3 χιλ. | N/A | 500",7.3,Germany
619,Bosch Global,hidden,11+  yrs,"Stuttgart, BW, Germany ","9,2 χιλ. | N/A | 2,5 χιλ.",9.2,Germany
620,SAP,T1,1  yr,"Munich, BY, Germany ","5,1 χιλ. | N/A | N/A",5.1,Germany
621,Cariad,L8,14  yrs,"Munich, BY, Germany ","11,8 χιλ. | N/A | 2,9 χιλ.",11.8,Germany
622,Mercedes-Benz,Staff,6  yrs,"Stuttgart, BW, Germany ","8,8 χιλ. | 166,7 | N/A",8.8,Germany
623,HelloFresh,Staff Software Engineer,13  yrs,"Berlin, BE, Germany ","10,6 χιλ. | N/A | N/A",10.6,Germany
624,REFLEX Aerospace,-,2  yrs,"Berlin, BE, Germany ","5,8 χιλ. | N/A | N/A",5.8,Germany
625,Adjoe,Middle,4  yrs,"Hamburg, HH, Germany ","5,7 χιλ. | N/A | N/A",5.7,Germany
626,BMW Group,EG12,9  yrs,"Ulm, BW, Germany ","8,3 χιλ. | N/A | 508,3",8.3,Germany
627,N/A,-,13  yrs,"Hamburg, HH, Germany ","6,2 χιλ. | N/A | N/A",6.2,Germany
628,Gebit Solutions,L2,7  yrs,"Stuttgart, BW, Germany ","6,7 χιλ. | N/A | N/A",6.7,Germany
629,Amazon,SDE III,12  yrs,"Berlin, BE, Germany ","10,4 χιλ. | 6,9 χιλ. | N/A",10.4,Germany
630,N/A,hidden,5-10  yrs,"Munich, BY, Germany ",6 χιλ. | N/A | N/A,6,Germany
631,SAP,T1,5  yrs,"Berlin, BE, Germany ","5,2 χιλ. | N/A | N/A",5.2,Germany
632,Hyundai Glovis,3 Years,3  yrs,"Berlin, BE, Germany ","3,8 χιλ. | N/A | N/A",3.8,Germany
633,Deutsche Bank,VP,9  yrs,"Berlin, BE, Germany ","9,2 χιλ. | N/A | 833,3",9.2,Germany
634,Oculai,L4,6  yrs,"Munich, BY, Germany ","6,2 χιλ. | N/A | N/A",6.2,Germany
635,Karlsruhe Institu...,hidden,5-10  yrs,"Karlsruhe, BW, Germany ","5,4 χιλ. | N/A | N/A",5.4,Germany
636,N/A,hidden,2-4  yrs,"Berlin, BE, Germany ",5 χιλ. | N/A | N/A,5,Germany
637,Cariad,7,11+  yrs,"Berlin, BE, Germany ","8,3 χιλ. | N/A | N/A",8.3,Germany
638,SAP,T1,3  yrs,"Walldorf, BW, Germany ","2,8 χιλ. | N/A | N/A",2.8,Germany
639,Mozilla,P3,7  yrs,"Berlin, BE, Germany ","9,2 χιλ. | N/A | 2,1 χιλ.",9.2,Germany
640,Volkswagen,Senior Software Engineer,7  yrs,"Munich, BY, Germany ","7,5 χιλ. | N/A | N/A",7.5,Germany
