,Company,Level,Years of Experience,City,Total Compensation,Salary,netherlands
0,Reaktor,L3,10  yrs,"Amsterdam, NH, Netherlands ","6,1 χιλ. | N/A | N/A",6.1,netherlands
1,Ace&tate,Senior,9  yrs,"Amsterdam, NH, Netherlands ","6,3 χιλ. | N/A | N/A",6.3,netherlands
2,Gerimedica,L3,7  yrs,"Amsterdam, NH, Netherlands ","6,4 χιλ. | N/A | N/A",6.4,netherlands
3,Funda,Senior,5-10  yrs,"Amsterdam, NH, Netherlands ","6,9 χιλ. | N/A | 416,7",6.9,netherlands
4,Booking.com,E,1  yr,"Amsterdam, NH, Netherlands ",5 χιλ. | N/A | N/A,5,netherlands
5,ABN AMRO,10,10  yrs,"Amsterdam, NH, Netherlands ","7,9 χιλ. | N/A | N/A",7.9,netherlands
6,ServiceNow,IC4,0  yrs,"Amsterdam, NH, Netherlands ","8,2 χιλ. | 6,7 χιλ. | 1,2 χιλ.",8.2,netherlands
7,TomTom,Software Engineer IV,15  yrs,"Amsterdam, NH, Netherlands ","8,7 χιλ. | N/A | 416,7",8.7,netherlands
8,Dott,Senior,2-4  yrs,"Amsterdam, NH, Netherlands ","6,1 χιλ. | N/A | N/A",6.1,netherlands
9,Optiver,L3,0  yrs,"Amsterdam, NH, Netherlands ","8,3 χιλ. | N/A | 10,3 χιλ.",8.3,netherlands
10,WeTravel,hidden,5-10  yrs,"Amsterdam, NH, Netherlands ","5,3 χιλ. | N/A | N/A",5.3,netherlands
11,Reisbalans,-,9  yrs,"Amersfoort, UT, Netherlands ","5,4 χιλ. | N/A | N/A",5.4,netherlands
12,ING,Software Engineer 2,1  yr,"Amsterdam, NH, Netherlands ","5,5 χιλ. | N/A | N/A",5.5,netherlands
13,Picnic,L2C,3  yrs,"Amsterdam, NH, Netherlands ","5,7 χιλ. | N/A | N/A",5.7,netherlands
14,GitLab,Staff Software Engineer,17  yrs,"Amsterdam, NH, Netherlands ","11,7 χιλ. | 4,2 χιλ. | N/A",11.7,netherlands
15,Adyen,Senior Software Engineer,8  yrs,"Amsterdam, NH, Netherlands ","8,6 χιλ. | 1,8 χιλ. | 1 χιλ.",8.6,netherlands
16,Rabobank,hidden,5-10  yrs,"Utrecht, UT, Netherlands ","7,5 χιλ. | N/A | N/A",7.5,netherlands
17,RTL,L3,11+  yrs,"Hilversum, NH, Netherlands ","8 χιλ. | N/A | 833,3",8,netherlands
18,Picnic,L3,4  yrs,"Amsterdam, NH, Netherlands ","6,5 χιλ. | N/A | N/A",6.5,netherlands
19,Van Lanschot Kempen,Senior,20  yrs,"Amsterdam, NH, Netherlands ","8,7 χιλ. | N/A | N/A",8.7,netherlands
20,TomTom,Software Engineer IV,15  yrs,"Amsterdam, NH, Netherlands ","8,7 χιλ. | N/A | 208,3",8.7,netherlands
21,ABN AMRO,L2,7  yrs,"Amsterdam, NH, Netherlands ","7,1 χιλ. | N/A | N/A",7.1,netherlands
22,NN Group,hidden,5-10  yrs,"The Hague, ZH, Netherlands ","8,8 χιλ. | N/A | N/A",8.8,netherlands
23,Booking Holdings,Software Engineer I,7  yrs,"Amsterdam, NH, Netherlands ","8,9 χιλ. | N/A | N/A",8.9,netherlands
24,Booking.com,Senior Software Engineer I,8  yrs,"Amsterdam, NH, Netherlands ","10,8 χιλ. | 5 χιλ. | 3,3 χιλ.",10.8,netherlands
25,Bunq,L1,2  yrs,"Amsterdam, NH, Netherlands ","4,2 χιλ. | N/A | N/A",4.2,netherlands
26,Just Eat Takeaway,Mid Level,2  yrs,"Enschede, OV, Netherlands ","4,9 χιλ. | N/A | N/A",4.9,netherlands
27,Het Beemd,Seniour,15  yrs,"Amsterdam, NH, Netherlands ","5,8 χιλ. | N/A | N/A",5.8,netherlands
28,Booking.com,G,11  yrs,"Amsterdam, NH, Netherlands ","10,7 χιλ. | 2,9 χιλ. | 2,1 χιλ.",10.7,netherlands
29,Avisi B.V.,-,2  yrs,"Arnhem, GE, Netherlands ","3,3 χιλ. | N/A | 166,7",3.3,netherlands
30,IMC,L4,5  yrs,"Amsterdam, NH, Netherlands ","9,2 χιλ. | N/A | 4,2 χιλ.",9.2,netherlands
31,Ahold Delhaize,-,2  yrs,"Utrecht, UT, Netherlands ","4,6 χιλ. | N/A | N/A",4.6,netherlands
32,Adyen,Software Engineer,5  yrs,"Amsterdam, NH, Netherlands ","5,4 χιλ. | 462,7 | N/A",5.4,netherlands
33,Protolabs,-,7  yrs,"Amsterdam, NH, Netherlands ","5,8 χιλ. | N/A | N/A",5.8,netherlands
34,Ahold Delhaize,Senior,10  yrs,"Zaandam, NH, Netherlands ","8,2 χιλ. | N/A | 1 χιλ.",8.2,netherlands
35,Deloitte,L3,3  yrs,"Amsterdam, NH, Netherlands ","5,1 χιλ. | N/A | 500",5.1,netherlands
36,Booking.com,F,9  yrs,"Amsterdam, NH, Netherlands ","8,6 χιλ. | 1,5 χιλ. | 1,3 χιλ.",8.6,netherlands
37,ING,hidden,11+  yrs,"Amsterdam, NH, Netherlands ",10 χιλ. | N/A | N/A,10,netherlands
38,CerQlar,Mid,8  yrs,"Amsterdam, NH, Netherlands ","6,2 χιλ. | N/A | N/A",6.2,netherlands
39,Booking.com,F,7  yrs,"Amsterdam, NH, Netherlands ","7,3 χιλ. | 1,4 χιλ. | 1,1 χιλ.",7.3,netherlands
40,Booking.com,G,17  yrs,"Amsterdam, NH, Netherlands ","10,4 χιλ. | 3,3 χιλ. | 2,1 χιλ.",10.4,netherlands
41,Road.io,Software Engineer,4  yrs,"Amsterdam, NH, Netherlands ",7 χιλ. | N/A | N/A,7,netherlands
42,Databricks,L4,7  yrs,"Amsterdam, NH, Netherlands ","7,7 χιλ. | 3,3 χιλ. | 1 χιλ.",7.7,netherlands
43,Uber,Senior Software Engineer,10  yrs,"Amsterdam, NH, Netherlands ","10,3 χιλ. | 8,3 χιλ. | 2,5 χιλ.",10.3,netherlands
44,Elastic,C6,15  yrs,"Amsterdam, NH, Netherlands ","9,8 χιλ. | 2,5 χιλ. | N/A",9.8,netherlands
45,Uber,Senior Software Engineer,6  yrs,"Amsterdam, NH, Netherlands ","9,6 χιλ. | 6,7 χιλ. | 2,1 χιλ.",9.6,netherlands
46,ASML,L8,15  yrs,"Veldhoven, NB, Netherlands ","9,2 χιλ. | N/A | 1,4 χιλ.",9.2,netherlands
47,Booking.com,F,17  yrs,"Amsterdam, NH, Netherlands ","17,3 χιλ. | N/A | N/A",17.3,netherlands
48,City Of Amsterdam,Medior,6  yrs,"Amsterdam, NH, Netherlands ","4,7 χιλ. | N/A | N/A",4.7,netherlands
49,Booking.com,F,10  yrs,"Amsterdam, NH, Netherlands ","8,7 χιλ. | 1,7 χιλ. | 1,2 χιλ.",8.7,netherlands
50,Booking.com,F,10  yrs,"Amsterdam, NH, Netherlands ","8,3 χιλ. | 1,7 χιλ. | 1,3 χιλ.",8.3,netherlands
51,CGI,2,3  yrs,"Rotterdam, ZH, Netherlands ","5,2 χιλ. | N/A | N/A",5.2,netherlands
52,Picnic,Junior,0  yrs,"Amsterdam, NH, Netherlands ","4,8 χιλ. | N/A | N/A",4.8,netherlands
53,Adyen,Software Engineer,8  yrs,"Amsterdam, NH, Netherlands ","8,3 χιλ. | 1,7 χιλ. | N/A",8.3,netherlands
54,Backbase,P3,9  yrs,"Amsterdam, NH, Netherlands ","6,2 χιλ. | N/A | N/A",6.2,netherlands
55,Rabobank,9,10  yrs,"Utrecht, UT, Netherlands ","7,9 χιλ. | N/A | N/A",7.9,netherlands
56,Nebius,G17,12  yrs,"Amsterdam, NH, Netherlands ","10 χιλ. | N/A | 1,7 χιλ.",10,netherlands
57,N/A,-,7  yrs,"Heerhugowaard, NH, Netherlands ","5,5 χιλ. | N/A | N/A",5.5,netherlands
58,Google,L4,10  yrs,"Amsterdam, NH, Netherlands ","11,7 χιλ. | 3,3 χιλ. | N/A",11.7,netherlands
59,Optiver,L3,1  yr,"Amsterdam, NH, Netherlands ","13 χιλ. | N/A | 5,4 χιλ.",13,netherlands
60,Uber,Staff Software Engineer,13  yrs,"Amsterdam, NH, Netherlands ","12,2 χιλ. | 14,3 χιλ. | 2,4 χιλ.",12.2,netherlands
61,Booking.com,F,23  yrs,"Amsterdam, NH, Netherlands ","9,3 χιλ. | 1,4 χιλ. | 1,2 χιλ.",9.3,netherlands
62,N/A,hidden,11+  yrs,"The Hague, ZH, Netherlands ","7,9 χιλ. | N/A | N/A",7.9,netherlands
63,JetBrains,L2,10  yrs,"Amsterdam, NH, Netherlands ","6,4 χιλ. | N/A | N/A",6.4,netherlands
64,ASML,L7,7  yrs,"Veldhoven, NB, Netherlands ","8 χιλ. | N/A | 1,4 χιλ.",8,netherlands
65,Picnic,Senior,5  yrs,"Amsterdam, NH, Netherlands ","6,3 χιλ. | N/A | N/A",6.3,netherlands
66,ASML,L7,10  yrs,"Eindhoven, NB, Netherlands ","5,5 χιλ. | N/A | N/A",5.5,netherlands
67,Booking.com,G,12  yrs,"Amsterdam, NH, Netherlands ","10 χιλ. | 3,3 χιλ. | 2 χιλ.",10,netherlands
68,Tiquets,3,5  yrs,"Amsterdam, NH, Netherlands ","5,8 χιλ. | N/A | N/A",5.8,netherlands
69,N/A,-,0  yrs,"Utrecht, UT, Netherlands ","3,5 χιλ. | N/A | N/A",3.5,netherlands
70,Flow Traders,L4,17  yrs,"Amsterdam, NH, Netherlands ","8,3 χιλ. | N/A | 2,5 χιλ.",8.3,netherlands
71,Booking.com,F,10  yrs,"Amsterdam, NH, Netherlands ","8,3 χιλ. | 1,4 χιλ. | N/A",8.3,netherlands
72,Flow Traders,L5,15  yrs,"Amsterdam, NH, Netherlands ","10 χιλ. | N/A | 2,5 χιλ.",10,netherlands
73,Lemonade,Senior,10  yrs,"Amsterdam, NH, Netherlands ","9,2 χιλ. | 10,6 χιλ. | N/A",9.2,netherlands
74,Sendcloud,Senior Engineer,5-10  yrs,"Eindhoven, NB, Netherlands ","8,3 χιλ. | N/A | N/A",8.3,netherlands
75,ABN AMRO,Intermediate,7  yrs,"Amsterdam, NH, Netherlands ","7,1 χιλ. | N/A | N/A",7.1,netherlands
76,Booking.com,F,4  yrs,"Amsterdam, NH, Netherlands ","7,2 χιλ. | N/A | N/A",7.2,netherlands
77,Stream,L1,2  yrs,"Amsterdam, NH, Netherlands ","5,8 χιλ. | N/A | N/A",5.8,netherlands
78,Amazon,SDE II,10  yrs,"The Hague, ZH, Netherlands ","8,8 χιλ. | 4,2 χιλ. | N/A",8.8,netherlands
79,JW Player,Senior,11  yrs,"Eindhoven, NB, Netherlands ","5,8 χιλ. | N/A | N/A",5.8,netherlands
80,Adyen,Senior Software Engineer,13  yrs,"Amsterdam, NH, Netherlands ","10 χιλ. | 2,1 χιλ. | N/A",10,netherlands
81,KLM Royal Dutch A...,MSG1,3  yrs,"Amsterdam, NH, Netherlands ","4,8 χιλ. | N/A | 783,3",4.8,netherlands
82,Irdeto,hidden,11+  yrs,"Hoofddorp, NH, Netherlands ","6,9 χιλ. | N/A | 583,3",6.9,netherlands
83,Albert Heijn,Senior,10  yrs,"Zaandam, NH, Netherlands ",8 χιλ. | N/A | N/A,8,netherlands
84,Booking.com,E,4  yrs,"Amsterdam, NH, Netherlands ","6 χιλ. | N/A | 1,3 χιλ.",6,netherlands
85,EPAM Systems,L3,8  yrs,"Amsterdam, NH, Netherlands ","6,7 χιλ. | N/A | N/A",6.7,netherlands
86,Kramp,-,9  yrs,"Utrecht, UT, Netherlands ","6,3 χιλ. | N/A | 416,7",6.3,netherlands
87,Sytac,L3,9  yrs,"Amsterdam, NH, Netherlands ","6,2 χιλ. | N/A | 975",6.2,netherlands
88,Microsoft,Senior SDE,18  yrs,"Amsterdam, NH, Netherlands ","8,2 χιλ. | 1,7 χιλ. | 700",8.2,netherlands
89,Facebook,E5,7  yrs,"Amsterdam, NH, Netherlands ","10,7 χιλ. | 13,7 χιλ. | 1,3 χιλ.",10.7,netherlands
90,Kinetiq,Senior,20  yrs,"Eindhoven, NB, Netherlands ","7,1 χιλ. | N/A | N/A",7.1,netherlands
91,Signicat,L2,5  yrs,"Rotterdam, ZH, Netherlands ","4,6 χιλ. | N/A | N/A",4.6,netherlands
92,Booking.com,Senior Software Engineer II,10  yrs,"Amsterdam, NH, Netherlands ","11,4 χιλ. | 2,9 χιλ. | 2,3 χιλ.",11.4,netherlands
93,Mollie,Software Engineer 1,5  yrs,"Amsterdam, NH, Netherlands ","5,4 χιλ. | N/A | 500",5.4,netherlands
94,Miro,L6,10  yrs,"Amsterdam, NH, Netherlands ","9,7 χιλ. | N/A | N/A",9.7,netherlands
95,TomTom,Software Engineer I,2  yrs,"Eindhoven, NB, Netherlands ","4,9 χιλ. | N/A | N/A",4.9,netherlands
96,Miro,Senior SWE,13  yrs,"Amsterdam, NH, Netherlands ","10,8 χιλ. | 4,2 χιλ. | N/A",10.8,netherlands
97,Mollie,Senior Engineer,8  yrs,"Amsterdam, NH, Netherlands ","7,2 χιλ. | N/A | N/A",7.2,netherlands
98,Adevinta,13,12  yrs,"Amsterdam, NH, Netherlands ","8,2 χιλ. | N/A | 1,9 χιλ.",8.2,netherlands
99,Tu Delft,L1,3  yrs,"Delft, ZH, Netherlands ","3,4 χιλ. | N/A | 333,3",3.4,netherlands
100,Harver,L2,9  yrs,"Amsterdam, NH, Netherlands ","7,5 χιλ. | N/A | N/A",7.5,netherlands
101,Xebia,Medior,7  yrs,"Amsterdam, NH, Netherlands ","6,8 χιλ. | N/A | N/A",6.8,netherlands
102,Nebius,G18,8  yrs,"Amsterdam, NH, Netherlands ","14,2 χιλ. | 1,6 χιλ. | N/A",14.2,netherlands
103,DeepL,E2,10  yrs,"Amsterdam, NH, Netherlands ","8,3 χιλ. | 2 χιλ. | N/A",8.3,netherlands
104,Funda,Medior,8  yrs,"Amsterdam, NH, Netherlands ","6,5 χιλ. | N/A | 500",6.5,netherlands
105,Nebius,G17,6  yrs,"Amsterdam, NH, Netherlands ","12,5 χιλ. | 1,6 χιλ. | N/A",12.5,netherlands
106,Booking.com,F,8  yrs,"Amsterdam, NH, Netherlands ","8,1 χιλ. | 1,7 χιλ. | 1,3 χιλ.",8.1,netherlands
107,Booking.com,F,10  yrs,"Amsterdam, NH, Netherlands ","8,6 χιλ. | 2,2 χιλ. | 2,2 χιλ.",8.6,netherlands
108,Booking.com,F,7  yrs,"Amsterdam, NH, Netherlands ",9 χιλ. | N/A | N/A,9,netherlands
109,Tno,L1,0  yrs,"Delft, ZH, Netherlands ","4,2 χιλ. | N/A | N/A",4.2,netherlands
110,NN Group,Medior,4  yrs,"The Hague, ZH, Netherlands ","5,8 χιλ. | N/A | N/A",5.8,netherlands
111,Booking.com,-,4  yrs,"Amsterdam, NH, Netherlands ","7,2 χιλ. | N/A | 666,7",7.2,netherlands
112,Adyen,II,10  yrs,"Amsterdam, NH, Netherlands ","8,1 χιλ. | 916,7 | N/A",8.1,netherlands
113,N/A,-,4  yrs,"Enschede, OV, Netherlands ","3,5 χιλ. | N/A | N/A",3.5,netherlands
114,Capgemini,B2,3  yrs,"Utrecht, UT, Netherlands ",4 χιλ. | N/A | N/A,4,netherlands
115,IKEA,Software Engineer,6  yrs,"Amsterdam, NH, Netherlands ","6,6 χιλ. | N/A | N/A",6.6,netherlands
116,CGI,L2,3  yrs,"Rotterdam, ZH, Netherlands ","4,2 χιλ. | N/A | N/A",4.2,netherlands
117,Toyota USA,16,15  yrs,"Eindhoven, NB, Netherlands ","6,9 χιλ. | N/A | N/A",6.9,netherlands
118,Brenntag,-,12  yrs,"Amsterdam, NH, Netherlands ","10,4 χιλ. | N/A | 1 χιλ.",10.4,netherlands
119,Facebook,E5,11  yrs,"Amsterdam, NH, Netherlands ","12,5 χιλ. | 16,7 χιλ. | 2,3 χιλ.",12.5,netherlands
120,Datasnipper,L3,10  yrs,"Amsterdam, NH, Netherlands ","9,2 χιλ. | N/A | N/A",9.2,netherlands
121,Uber,Software Engineer II,8  yrs,"Amsterdam, NH, Netherlands ","8,3 χιλ. | 2,5 χιλ. | 1 χιλ.",8.3,netherlands
122,Personio,L5B,15  yrs,"Amsterdam, NH, Netherlands ","10,5 χιλ. | N/A | N/A",10.5,netherlands
123,Nebius,G17,5  yrs,"Amsterdam, NH, Netherlands ","8,3 χιλ. | 3,6 χιλ. | 1,7 χιλ.",8.3,netherlands
124,EPAM Systems,L5,15  yrs,"Amsterdam, NH, Netherlands ","9,1 χιλ. | 833,3 | 833,3",9.1,netherlands
125,Xebia,Medior,8  yrs,"Amsterdam, NH, Netherlands ",5 χιλ. | N/A | N/A,5,netherlands
126,WeTravel,Senior,11+  yrs,"Amsterdam, NH, Netherlands ","7,9 χιλ. | N/A | N/A",7.9,netherlands
127,Nebius,G17,7  yrs,"Amsterdam, NH, Netherlands ","8,1 χιλ. | 1,1 χιλ. | 1,3 χιλ.",8.1,netherlands
128,FareHarbor,G,20  yrs,"Amsterdam, NH, Netherlands ","10,5 χιλ. | 2,8 χιλ. | 2,4 χιλ.",10.5,netherlands
129,IMC,L2,2  yrs,"Amsterdam, NH, Netherlands ","9,2 χιλ. | N/A | 5 χιλ.",9.2,netherlands
130,Booking.com,F,7  yrs,"Amsterdam, NH, Netherlands ","8,8 χιλ. | 2 χιλ. | 1,8 χιλ.",8.8,netherlands
131,Capgemini,B2,7  yrs,"Eindhoven, NB, Netherlands ","4,6 χιλ. | N/A | N/A",4.6,netherlands
132,Visa,Senior Staff Software Engineer,18  yrs,"Rotterdam, ZH, Netherlands ","8,8 χιλ. | 1,3 χιλ. | 3,2 χιλ.",8.8,netherlands
133,Uber,Software Engineer II,7  yrs,"Amsterdam, NH, Netherlands ","8,8 χιλ. | 4 χιλ. | 1,3 χιλ.",8.8,netherlands
134,Dubizzle Group,Principal,12  yrs,"The Hague, ZH, Netherlands ","13,2 χιλ. | 2,8 χιλ. | N/A",13.2,netherlands
135,Amazon,SDE II,7  yrs,"Amsterdam, NH, Netherlands ","7,9 χιλ. | 2,9 χιλ. | N/A",7.9,netherlands
136,Uber,Software Engineer II,7  yrs,"Amsterdam, NH, Netherlands ","8,6 χιλ. | 4,2 χιλ. | 1,2 χιλ.",8.6,netherlands
137,Miro,Staff SWE,10  yrs,"Amsterdam, NH, Netherlands ","10,8 χιλ. | N/A | N/A",10.8,netherlands
138,ASML,L6,0  yrs,"Veldhoven, NB, Netherlands ","4,6 χιλ. | N/A | N/A",4.6,netherlands
139,ASB security,Senior,10  yrs,"Eindhoven, NB, Netherlands ","4,1 χιλ. | N/A | N/A",4.1,netherlands
140,TomTom,Software Engineer II,5  yrs,"Amsterdam, NH, Netherlands ","5,8 χιλ. | N/A | N/A",5.8,netherlands
141,Box,L7,9  yrs,"Amsterdam, NH, Netherlands ","11,2 χιλ. | 3,3 χιλ. | 229,2",11.2,netherlands
142,ING,Software Engineer 1,0  yrs,"Amsterdam, NH, Netherlands ","4,6 χιλ. | N/A | N/A",4.6,netherlands
143,Backbase,L2,6  yrs,"Amsterdam, NH, Netherlands ","5,7 χιλ. | N/A | 522,5",5.7,netherlands
144,Adevinta,13,15  yrs,"Amsterdam, NH, Netherlands ","7,9 χιλ. | N/A | 2,5 χιλ.",7.9,netherlands
145,Picnic,L3,3  yrs,"Amsterdam, NH, Netherlands ","5,2 χιλ. | N/A | N/A",5.2,netherlands
146,Coosto,Junior,1  yr,"Eindhoven, NB, Netherlands ","3,8 χιλ. | N/A | N/A",3.8,netherlands
147,Block,Level 5,14  yrs,"Amsterdam, NH, Netherlands ","10,6 χιλ. | 5,8 χιλ. | N/A",10.6,netherlands
148,ING,Software Engineer 3,5  yrs,"Amsterdam, NH, Netherlands ","6,9 χιλ. | N/A | N/A",6.9,netherlands
149,ABN Amro,2,5  yrs,"Amsterdam, NH, Netherlands ","8,3 χιλ. | N/A | N/A",8.3,netherlands
150,PostNL,hidden,5-10  yrs,"The Hague, ZH, Netherlands ",6 χιλ. | N/A | N/A,6,netherlands
151,Aegon,L3,19  yrs,"Amsterdam, NH, Netherlands ","9,6 χιλ. | N/A | N/A",9.6,netherlands
152,Miro,Senior SWE,7  yrs,"Amsterdam, NH, Netherlands ","11,3 χιλ. | N/A | N/A",11.3,netherlands
153,Capgemini,C2,15  yrs,"Amsterdam, NH, Netherlands ","7,3 χιλ. | N/A | N/A",7.3,netherlands
154,ING,Software Engineer 4,8  yrs,"Amsterdam, NH, Netherlands ",8 χιλ. | N/A | N/A,8,netherlands
155,Booking.com,G,10  yrs,"Amsterdam, NH, Netherlands ","10 χιλ. | 5 χιλ. | 3,3 χιλ.",10,netherlands
156,Tesla,P2,7  yrs,"Amsterdam, NH, Netherlands ","7,1 χιλ. | 625 | N/A",7.1,netherlands
157,Amazon,SDE III,12  yrs,"Amsterdam, NH, Netherlands ","8,4 χιλ. | 5 χιλ. | N/A",8.4,netherlands
158,Datasnipper,Senior,8  yrs,"Amsterdam, NH, Netherlands ","8,7 χιλ. | N/A | N/A",8.7,netherlands
159,Nexler,L3,7  yrs,"Groningen, GR, Netherlands ","7,1 χιλ. | N/A | N/A",7.1,netherlands
160,N/A,hidden,2-4  yrs,"Amsterdam, NH, Netherlands ","5,3 χιλ. | N/A | N/A",5.3,netherlands
161,ABN AMRO,Junior,2  yrs,"Amsterdam, NH, Netherlands ","5,4 χιλ. | N/A | N/A",5.4,netherlands
162,XITE,Senior,9  yrs,"Amsterdam, NH, Netherlands ","5,7 χιλ. | N/A | N/A",5.7,netherlands
163,Brenntag,-,12  yrs,"Amsterdam, NH, Netherlands ","10,4 χιλ. | N/A | N/A",10.4,netherlands
164,Conclusion,L3,7  yrs,"Amsterdam, NH, Netherlands ","5,8 χιλ. | N/A | N/A",5.8,netherlands
165,Evolution Gaming,hidden,5-10  yrs,"Amsterdam, NH, Netherlands ","6,3 χιλ. | N/A | N/A",6.3,netherlands
166,PIA Service,-,6  yrs,"Sneek, FR, Netherlands ",3 χιλ. | N/A | N/A,3,netherlands
167,Deloitte,L3,9  yrs,"Amsterdam, NH, Netherlands ","8,9 χιλ. | N/A | 666,7",8.9,netherlands
168,Alliander,medior software engineer,2  yrs,"Arnhem, GE, Netherlands ","4,2 χιλ. | N/A | 250",4.2,netherlands
169,Uber,Senior Software Engineer,9  yrs,"Amsterdam, NH, Netherlands ","10,8 χιλ. | 6,1 χιλ. | 2,6 χιλ.",10.8,netherlands
170,Airspace,L1,12  yrs,"Amsterdam, NH, Netherlands ","8,5 χιλ. | N/A | N/A",8.5,netherlands
171,Miro,L6,12  yrs,"Amsterdam, NH, Netherlands ",10 χιλ. | N/A | N/A,10,netherlands
172,IMC,L1,1  yr,"Amsterdam, NH, Netherlands ","13,3 χιλ. | N/A | N/A",13.3,netherlands
173,Studocu,hidden,11+  yrs,"Amsterdam, NH, Netherlands ",6 χιλ. | N/A | N/A,6,netherlands
174,Bynder,L3,3  yrs,"Rotterdam, ZH, Netherlands ","3,2 χιλ. | N/A | N/A",3.2,netherlands
175,Uber,Software Engineer I,2  yrs,"Amsterdam, NH, Netherlands ","5,4 χιλ. | 1,7 χιλ. | 666,7",5.4,netherlands
176,Adevinta,13,14  yrs,"Amsterdam, NH, Netherlands ","6,3 χιλ. | N/A | N/A",6.3,netherlands
177,JetBrains,L4,13  yrs,"Amsterdam, NH, Netherlands ","10,8 χιλ. | N/A | 750",10.8,netherlands
178,KPN,Junior,0  yrs,"Rotterdam, ZH, Netherlands ","4,6 χιλ. | N/A | N/A",4.6,netherlands
179,Optiver,L3,1  yr,"Amsterdam, NH, Netherlands ","8,3 χιλ. | N/A | 10,4 χιλ.",8.3,netherlands
180,Booking.com,D,2  yrs,"Amsterdam, NH, Netherlands ","5,1 χιλ. | N/A | N/A",5.1,netherlands
181,KLM,L2,13  yrs,"Amsterdam, NH, Netherlands ","5,7 χιλ. | N/A | 500",5.7,netherlands
182,N/A,-,6  yrs,"Amsterdam, NH, Netherlands ",6 χιλ. | N/A | 500,6,netherlands
183,Sytac,Senior,8  yrs,"Haarlem, NH, Netherlands ","6,5 χιλ. | N/A | N/A",6.5,netherlands
184,Adyen,Software Engineer,5  yrs,"Amsterdam, NH, Netherlands ","6,3 χιλ. | 133,3 | N/A",6.3,netherlands
185,Mollie,Senior Engineer,12  yrs,"Amsterdam, NH, Netherlands ","8,3 χιλ. | N/A | 691,7",8.3,netherlands
186,JetBrains,L3,3  yrs,"Amsterdam, NH, Netherlands ","5,7 χιλ. | N/A | N/A",5.7,netherlands
187,IMC,L1,0  yrs,"Amsterdam, NH, Netherlands ","8,3 χιλ. | N/A | 3,6 χιλ.",8.3,netherlands
188,Booking.com,F,7  yrs,"Amsterdam, NH, Netherlands ","8,3 χιλ. | 1,7 χιλ. | 1,2 χιλ.",8.3,netherlands
189,Adevinta,12,10  yrs,"Amsterdam, NH, Netherlands ","7,3 χιλ. | N/A | 833,3",7.3,netherlands
190,Bitvavo,L2,3  yrs,"Amsterdam, NH, Netherlands ",7 χιλ. | N/A | N/A,7,netherlands
191,Nvidia,IC7,19  yrs,"Utrecht, UT, Netherlands ","17,7 χιλ. | 35 χιλ. | N/A",17.7,netherlands
192,IKEA,Software Engineer,15  yrs,"Amsterdam, NH, Netherlands ","7,3 χιλ. | N/A | N/A",7.3,netherlands
193,Booking.com,G,7  yrs,"Amsterdam, NH, Netherlands ","9,6 χιλ. | 3,3 χιλ. | N/A",9.6,netherlands
194,Deloitte,L3,8  yrs,"Amsterdam, NH, Netherlands ","7,9 χιλ. | N/A | 583,3",7.9,netherlands
195,Metabob,Junior,1  yr,"Amsterdam, NH, Netherlands ","2,7 χιλ. | 1 χιλ. | N/A",2.7,netherlands
196,IKEA,L2,9  yrs,"Amsterdam, NH, Netherlands ","6,8 χιλ. | N/A | N/A",6.8,netherlands
197,Booking.com,G,7  yrs,"Amsterdam, NH, Netherlands ","9,6 χιλ. | 5 χιλ. | 3,3 χιλ.",9.6,netherlands
198,TomTom,Software Engineer I,1  yr,"Amsterdam, NH, Netherlands ","5,2 χιλ. | N/A | N/A",5.2,netherlands
199,Eurazeo,-,8  yrs,"Utrecht, UT, Netherlands ","6,3 χιλ. | N/A | 208,3",6.3,netherlands
200,Adyen,Software Engineer,7  yrs,"Amsterdam, NH, Netherlands ","6,3 χιλ. | 1,2 χιλ. | 1,2 χιλ.",6.3,netherlands
201,Bright Society,-,0  yrs,"Eindhoven, NB, Netherlands ","4,6 χιλ. | N/A | N/A",4.6,netherlands
202,Adyen,Software Engineer,5  yrs,"Amsterdam, NH, Netherlands ","5,7 χιλ. | 1,2 χιλ. | 1 χιλ.",5.7,netherlands
203,Schuberg Philis,-,6  yrs,"Amsterdam, NH, Netherlands ","7,9 χιλ. | N/A | N/A",7.9,netherlands
204,Coolblue,Senior,5  yrs,"Rotterdam, ZH, Netherlands ","5,6 χιλ. | N/A | N/A",5.6,netherlands
205,Adyen,Senior Software Engineer,12  yrs,"Amsterdam, NH, Netherlands ","8,3 χιλ. | 6,7 χιλ. | N/A",8.3,netherlands
206,Studocu,Senior,7  yrs,"Amsterdam, NH, Netherlands ","5,8 χιλ. | N/A | N/A",5.8,netherlands
207,Microsoft,62,8  yrs,"Amsterdam, NH, Netherlands ","6,5 χιλ. | 1,3 χιλ. | 833,3",6.5,netherlands
208,Databricks,L4,7  yrs,"Amsterdam, NH, Netherlands ","7,5 χιλ. | 1,7 χιλ. | N/A",7.5,netherlands
209,Booking.com,F,10  yrs,"Amsterdam, NH, Netherlands ","8,7 χιλ. | 1,7 χιλ. | 1,6 χιλ.",8.7,netherlands
210,Clickhouse,Senior,15  yrs,"Amsterdam, NH, Netherlands ","11,3 χιλ. | N/A | N/A",11.3,netherlands
211,Wolters Kluwer,T4,7  yrs,"Alphen Aan Den Rijn, ZH, Netherlands ","7,3 χιλ. | N/A | 750",7.3,netherlands
212,Booking.com,E,0  yrs,"Amsterdam, NH, Netherlands ","5,2 χιλ. | N/A | N/A",5.2,netherlands
213,JW Player,Senior,12  yrs,"Eindhoven, NB, Netherlands ",7 χιλ. | N/A | N/A,7,netherlands
214,ING,Software Engineer 2,6  yrs,"Amsterdam, NH, Netherlands ","5,8 χιλ. | N/A | N/A",5.8,netherlands
215,Funda,Senior Engineer,5  yrs,"Amsterdam, NH, Netherlands ","7,5 χιλ. | N/A | 750",7.5,netherlands
216,Nebius,G17,17  yrs,"Amsterdam, NH, Netherlands ","11,7 χιλ. | 1,1 χιλ. | 2,9 χιλ.",11.7,netherlands
217,Trip.com,Senior Engineer,12  yrs,"Amsterdam, NH, Netherlands ","8 χιλ. | N/A | 583,3",8,netherlands
218,IKEA,JuniorSoftware Engineer,1  yr,"Amsterdam, NH, Netherlands ","4,8 χιλ. | N/A | N/A",4.8,netherlands
219,MessageBird,Senior Software Engineer,12  yrs,"Amsterdam, NH, Netherlands ","9,6 χιλ. | N/A | N/A",9.6,netherlands
220,Shell,Contractor,15  yrs,"Amsterdam, NH, Netherlands ","15,6 χιλ. | N/A | N/A",15.6,netherlands
221,Mendix,Senior Software Engineer,10  yrs,"Rotterdam, ZH, Netherlands ","6,8 χιλ. | N/A | N/A",6.8,netherlands
222,PVH,Senior,5  yrs,"Amsterdam, NH, Netherlands ","6,3 χιλ. | N/A | 583,3",6.3,netherlands
223,Miro,Staff SWE,15  yrs,"Amsterdam, NH, Netherlands ",11 χιλ. | N/A | N/A,11,netherlands
224,Booking.com,F,8  yrs,"Amsterdam, NH, Netherlands ","8,3 χιλ. | 1,5 χιλ. | 1,2 χιλ.",8.3,netherlands
225,ING,Software Engineer 3,15  yrs,"Amsterdam, NH, Netherlands ","8,1 χιλ. | N/A | N/A",8.1,netherlands
226,Plus,Senior,7  yrs,"Utrecht, UT, Netherlands ","7,1 χιλ. | N/A | N/A",7.1,netherlands
227,Lunatech,Senior,5  yrs,"Rotterdam, ZH, Netherlands ","6,1 χιλ. | N/A | N/A",6.1,netherlands
228,DPG Media,2,9  yrs,"Amsterdam, NH, Netherlands ","7,2 χιλ. | N/A | 125",7.2,netherlands
229,Fastned,Senior,7  yrs,"Amsterdam, NH, Netherlands ","7,5 χιλ. | N/A | N/A",7.5,netherlands
230,Uber,Software Engineer II,6  yrs,"Amsterdam, NH, Netherlands ","8,9 χιλ. | 3,3 χιλ. | 1,2 χιλ.",8.9,netherlands
231,Adyen,Staff Software Engineer,22  yrs,"Amsterdam, NH, Netherlands ","10,6 χιλ. | 1,1 χιλ. | 1,8 χιλ.",10.6,netherlands
232,Informatica,L3,9  yrs,"Amsterdam, NH, Netherlands ","8,3 χιλ. | 250 | N/A",8.3,netherlands
233,Picnic,2,2  yrs,"Amsterdam, NH, Netherlands ","4,9 χιλ. | N/A | N/A",4.9,netherlands
234,Picnic,L3,4  yrs,"Amsterdam, NH, Netherlands ","6,2 χιλ. | N/A | N/A",6.2,netherlands
235,Uber,Senior Software Engineer,6  yrs,"Amsterdam, NH, Netherlands ","10,8 χιλ. | 4,5 χιλ. | 2,1 χιλ.",10.8,netherlands
236,Booking.com,G,12  yrs,"Amsterdam, NH, Netherlands ","10,8 χιλ. | 3,8 χιλ. | 2,7 χιλ.",10.8,netherlands
237,Fashion Cloud,-,7  yrs,"Amsterdam, NH, Netherlands ","5,4 χιλ. | N/A | N/A",5.4,netherlands
238,Booking.com,F,8  yrs,"Amsterdam, NH, Netherlands ","8,4 χιλ. | 2,9 χιλ. | 1,8 χιλ.",8.4,netherlands
239,Picnic,L4,10  yrs,"Amsterdam, NH, Netherlands ","8,8 χιλ. | N/A | N/A",8.8,netherlands
240,Ahold Delhaize,T6,14  yrs,"Utrecht, UT, Netherlands ","7,6 χιλ. | N/A | 666,7",7.6,netherlands
241,Van Boxsel Engine...,Senior,10  yrs,"Oosterhout, NB, Netherlands ","3,8 χιλ. | N/A | N/A",3.8,netherlands
242,Grafana,L4,10  yrs,"The Hague, ZH, Netherlands ","8,1 χιλ. | N/A | N/A",8.1,netherlands
243,ING,Software Engineer 2,5  yrs,"Amsterdam, NH, Netherlands ","5,8 χιλ. | N/A | N/A",5.8,netherlands
244,Siemens,T7,4  yrs,"Eindhoven, NB, Netherlands ","5,8 χιλ. | N/A | 175",5.8,netherlands
245,Da Vinci Derivatives,Entry,0  yrs,"Amsterdam, NH, Netherlands ","6,7 χιλ. | N/A | 3 χιλ.",6.7,netherlands
246,Booking.com,F,6  yrs,"Amsterdam, NH, Netherlands ","8,3 χιλ. | 1,7 χιλ. | 1,2 χιλ.",8.3,netherlands
247,Polarsteps,hidden,5-10  yrs,"Amsterdam, NH, Netherlands ","6,3 χιλ. | N/A | N/A",6.3,netherlands
248,Swisscom,L3,4  yrs,"Rotterdam, ZH, Netherlands ","5,7 χιλ. | N/A | N/A",5.7,netherlands
249,Elastic,C6,15  yrs,"Amsterdam, NH, Netherlands ","9,7 χιλ. | 8,8 χιλ. | N/A",9.7,netherlands
250,Booking.com,F,6  yrs,"Amsterdam, NH, Netherlands ","8,7 χιλ. | 1,7 χιλ. | 1,2 χιλ.",8.7,netherlands
251,Tacx,L2,7  yrs,"Leiden, ZH, Netherlands ","5,4 χιλ. | N/A | N/A",5.4,netherlands
252,Intermodal Telema...,Junior,2  yrs,"Breda, NB, Netherlands ","3,8 χιλ. | N/A | N/A",3.8,netherlands
253,Rabobank,Senior,12  yrs,"Utrecht, UT, Netherlands ",6 χιλ. | N/A | N/A,6,netherlands
254,Personio,L5,12  yrs,"Amsterdam, NH, Netherlands ","9,9 χιλ. | 166,7 | N/A",9.9,netherlands
255,Pegasystems,Principal Software Engineer,20  yrs,"Amsterdam, NH, Netherlands ","9,6 χιλ. | 833,3 | 1,3 χιλ.",9.6,netherlands
256,TUE,-,0  yrs,"Eindhoven, NB, Netherlands ","3,5 χιλ. | N/A | N/A",3.5,netherlands
257,Booking.com,E,3  yrs,"Amsterdam, NH, Netherlands ","7,2 χιλ. | N/A | 716,7",7.2,netherlands
258,Booking.com,F,10  yrs,"Amsterdam, NH, Netherlands ","8,7 χιλ. | 1,7 χιλ. | 1,2 χιλ.",8.7,netherlands
259,Textkernel,-,8  yrs,"Amsterdam, NH, Netherlands ","6,7 χιλ. | N/A | 500",6.7,netherlands
260,Netlight,Analyst,1  yr,"Amsterdam, NH, Netherlands ","4,1 χιλ. | N/A | N/A",4.1,netherlands
261,EPAM Systems,L3,9  yrs,"Amsterdam, NH, Netherlands ","6,5 χιλ. | N/A | N/A",6.5,netherlands
262,Rabobank,L3,10  yrs,"Utrecht, UT, Netherlands ",10 χιλ. | N/A | N/A,10,netherlands
263,Amazon,SDE II,9  yrs,"Amsterdam, NH, Netherlands ","11,1 χιλ. | 666,7 | N/A",11.1,netherlands
264,Adyen,2,5-10  yrs,"Amsterdam, NH, Netherlands ","9,3 χιλ. | 1,5 χιλ. | 1 χιλ.",9.3,netherlands
265,AIMMS,hidden,11+  yrs,"Haarlem, NH, Netherlands ","7,2 χιλ. | N/A | N/A",7.2,netherlands
266,Ortec Finance,hidden,5-10  yrs,"Rotterdam, ZH, Netherlands ","5,3 χιλ. | N/A | 583,3",5.3,netherlands
267,ASML,L6,7  yrs,"Eindhoven, NB, Netherlands ","6,2 χιλ. | N/A | N/A",6.2,netherlands
268,Fourthline,Senior,10  yrs,"Amsterdam, NH, Netherlands ","5,8 χιλ. | 833,3 | N/A",5.8,netherlands
269,ABN AMRO,hidden,2-4  yrs,"Amsterdam, NH, Netherlands ",6 χιλ. | N/A | 125,6,netherlands
270,WAES,Senior,5-10  yrs,"Utrecht, UT, Netherlands ","5,3 χιλ. | N/A | 2,1 χιλ.",5.3,netherlands
271,Ahold Delhaize,T5,8  yrs,"Utrecht, UT, Netherlands ","6,9 χιλ. | N/A | 246,2",6.9,netherlands
272,Backbase,Distinguished,20  yrs,"Amsterdam, NH, Netherlands ","8,6 χιλ. | N/A | 125",8.6,netherlands
273,Miro,Senior SWE,10  yrs,"Amsterdam, NH, Netherlands ","9,6 χιλ. | 2,5 χιλ. | N/A",9.6,netherlands
274,Booking.com,G,9  yrs,"Amsterdam, NH, Netherlands ","10,4 χιλ. | 3,3 χιλ. | 1,8 χιλ.",10.4,netherlands
275,Tacx,L2,7  yrs,"Leiden, ZH, Netherlands ","5,3 χιλ. | N/A | N/A",5.3,netherlands
276,Trengo,L4,16  yrs,"Utrecht, UT, Netherlands ","7,6 χιλ. | N/A | N/A",7.6,netherlands
277,Fastned,hidden,2-4  yrs,"Amsterdam, NH, Netherlands ","6,2 χιλ. | N/A | N/A",6.2,netherlands
278,Databricks,L5,10  yrs,"Amsterdam, NH, Netherlands ","9 χιλ. | 10,4 χιλ. | 2,1 χιλ.",9,netherlands
279,Thales,LR6,4  yrs,"Hengelo, OV, Netherlands ","4,1 χιλ. | 83,3 | 333,3",4.1,netherlands
280,Booking.com,G,10  yrs,"Amsterdam, NH, Netherlands ","10,8 χιλ. | 2,9 χιλ. | 2,1 χιλ.",10.8,netherlands
281,Miro,Senior SWE,6  yrs,"Amsterdam, NH, Netherlands ","9,2 χιλ. | N/A | N/A",9.2,netherlands
282,Booking.com,F,4  yrs,"Amsterdam, NH, Netherlands ","7,5 χιλ. | N/A | N/A",7.5,netherlands
283,NAVARA,Medior,3  yrs,"Zeist, UT, Netherlands ","4,2 χιλ. | N/A | N/A",4.2,netherlands
284,Lomans,Junior,4  yrs,"Amersfoort, UT, Netherlands ",3 χιλ. | N/A | N/A,3,netherlands
285,Rabobank,L3,6  yrs,"Utrecht, UT, Netherlands ","7,5 χιλ. | N/A | N/A",7.5,netherlands
286,EPAM Systems,L4,12  yrs,"Amsterdam, NH, Netherlands ","6,8 χιλ. | 416,7 | 500",6.8,netherlands
287,N/A,hidden,5-10  yrs,"Deventer, OV, Netherlands ","3,2 χιλ. | N/A | 50",3.2,netherlands
288,Morphotonics B.V.,P2,3  yrs,"Eindhoven, NB, Netherlands ","4,2 χιλ. | N/A | N/A",4.2,netherlands
289,Picnic,L4,10  yrs,"Amsterdam, NH, Netherlands ",8 χιλ. | N/A | N/A,8,netherlands
290,TomTom,Software Engineer I,1  yr,"Amsterdam, NH, Netherlands ","5,3 χιλ. | N/A | N/A",5.3,netherlands
291,FUGA,Senior,5-10  yrs,"Amsterdam, NH, Netherlands ","7,2 χιλ. | N/A | N/A",7.2,netherlands
292,Bynder,L4,8  yrs,"Rotterdam, ZH, Netherlands ","5,7 χιλ. | N/A | N/A",5.7,netherlands
293,Profoto,hidden,5-10  yrs,"Hoofddorp, NH, Netherlands ","6,9 χιλ. | N/A | N/A",6.9,netherlands
294,FUGA,Tech Lead,13  yrs,"Amsterdam, NH, Netherlands ","7,5 χιλ. | N/A | 166,7",7.5,netherlands
295,Booking.com,G,12  yrs,"Amsterdam, NH, Netherlands ","10,6 χιλ. | 3,4 χιλ. | 3,2 χιλ.",10.6,netherlands
296,Eneco,E10,12  yrs,"Rotterdam, ZH, Netherlands ","8,3 χιλ. | N/A | N/A",8.3,netherlands
297,Flow Traders,L5,12  yrs,"Amsterdam, NH, Netherlands ","10,8 χιλ. | N/A | 5 χιλ.",10.8,netherlands
298,Backbase,P3,8  yrs,"Amsterdam, NH, Netherlands ","6,1 χιλ. | N/A | 100",6.1,netherlands
299,Adyen,Senior,15  yrs,"Amsterdam, NH, Netherlands ","10 χιλ. | 1,7 χιλ. | N/A",10,netherlands
300,IKEA,Medior,6  yrs,"Amsterdam, NH, Netherlands ","7,2 χιλ. | N/A | N/A",7.2,netherlands
301,Vrije Universitei...,L1,6  yrs,"Amsterdam, NH, Netherlands ","4,8 χιλ. | N/A | N/A",4.8,netherlands
302,REKKI,Staff Engineer,15  yrs,"Amsterdam, NH, Netherlands ","10,8 χιλ. | N/A | N/A",10.8,netherlands
303,IMC,L3,10  yrs,"Amsterdam, NH, Netherlands ","9,7 χιλ. | N/A | 4,2 χιλ.",9.7,netherlands
304,MessageBird,L2,8  yrs,"Amsterdam, NH, Netherlands ","9,2 χιλ. | N/A | N/A",9.2,netherlands
305,Google,L5,16  yrs,"Amsterdam, NH, Netherlands ","9,2 χιλ. | 2,9 χιλ. | N/A",9.2,netherlands
306,Picnic,L4,6  yrs,"Amsterdam, NH, Netherlands ","6,5 χιλ. | N/A | N/A",6.5,netherlands
307,Booking.com,E,2  yrs,"Amsterdam, NH, Netherlands ",7 χιλ. | N/A | 700,7,netherlands
308,Profoto,Senior,5-10  yrs,"Hoofddorp, NH, Netherlands ","6,9 χιλ. | N/A | N/A",6.9,netherlands
309,Booking.com,F,4  yrs,"Amsterdam, NH, Netherlands ","7,4 χιλ. | N/A | N/A",7.4,netherlands
310,CM.com,Senior,6  yrs,"Breda, NB, Netherlands ","5,1 χιλ. | N/A | N/A",5.1,netherlands
311,TrustWallet,Senior,7  yrs,"Amsterdam, NH, Netherlands ","12,1 χιλ. | 3,3 χιλ. | 5 χιλ.",12.1,netherlands
312,Optiver,L3,1  yr,"Amsterdam, NH, Netherlands ","10 χιλ. | N/A | 4,5 χιλ.",10,netherlands
313,Booking.com,F,6  yrs,"Amsterdam, NH, Netherlands ","8,3 χιλ. | 1,5 χιλ. | N/A",8.3,netherlands
314,Flow Traders,L4,6  yrs,"Amsterdam, NH, Netherlands ","8,7 χιλ. | N/A | 4,2 χιλ.",8.7,netherlands
315,Catawiki,Senior Software Engineer,8  yrs,"Amsterdam, NH, Netherlands ","6,7 χιλ. | N/A | N/A",6.7,netherlands
316,JetBrains,L3,9  yrs,"Amsterdam, NH, Netherlands ","9,6 χιλ. | N/A | 833,3",9.6,netherlands
317,Swisscom,2,2  yrs,"Amsterdam, NH, Netherlands ","5,7 χιλ. | N/A | N/A",5.7,netherlands
318,Booking.com,F,6  yrs,"Amsterdam, NH, Netherlands ","8,8 χιλ. | 1,7 χιλ. | 1,3 χιλ.",8.8,netherlands
319,Databricks,L4,8  yrs,"Amsterdam, NH, Netherlands ","9 χιλ. | 11,7 χιλ. | 1 χιλ.",9,netherlands
320,Booking.com,L3,7  yrs,"Amsterdam, NH, Netherlands ","9,3 χιλ. | 1,7 χιλ. | 1,3 χιλ.",9.3,netherlands
321,CGI,Student Employee(L1),1  yr,"Groningen, GR, Netherlands ","2,7 χιλ. | 83,3 | N/A",2.7,netherlands
322,Coolblue,L1,0-1  yrs,"Rotterdam, ZH, Netherlands ",4 χιλ. | N/A | N/A,4,netherlands
323,Booking.com,Senior Software Engineer II,12  yrs,"Amsterdam, NH, Netherlands ","11,3 χιλ. | 3,3 χιλ. | 2,3 χιλ.",11.3,netherlands
324,ABN AMRO,L3,7  yrs,"Amsterdam, NH, Netherlands ","6,8 χιλ. | N/A | N/A",6.8,netherlands
325,Uber,Staff Software Engineer,11  yrs,"Amsterdam, NH, Netherlands ","12,2 χιλ. | 15,3 χιλ. | 2,5 χιλ.",12.2,netherlands
326,IKEA,Senior Software Engineer,12  yrs,"Amsterdam, NH, Netherlands ","7,9 χιλ. | N/A | 166,7",7.9,netherlands
327,Adyen,Software Engineer II,5  yrs,"Amsterdam, NH, Netherlands ","9,4 χιλ. | 750 | N/A",9.4,netherlands
328,Booking.com,F,17  yrs,"Amsterdam, NH, Netherlands ","9,7 χιλ. | 1,7 χιλ. | 1,5 χιλ.",9.7,netherlands
329,Ahold Delhaize,L4,6  yrs,"Utrecht, UT, Netherlands ","6,1 χιλ. | N/A | 691,7",6.1,netherlands
330,Miro,Senior SWE,7  yrs,"Amsterdam, NH, Netherlands ","9,8 χιλ. | 3,3 χιλ. | N/A",9.8,netherlands
331,Swisscom,L3,4  yrs,"Amsterdam, NH, Netherlands ","5,2 χιλ. | N/A | N/A",5.2,netherlands
332,Picnic,L4,12  yrs,"Amsterdam, NH, Netherlands ",9 χιλ. | N/A | N/A,9,netherlands
333,Axelera AI,Senior,7  yrs,"Eindhoven, NB, Netherlands ","10,4 χιλ. | 1,7 χιλ. | N/A",10.4,netherlands
334,Booking.com,F,9  yrs,"Amsterdam, NH, Netherlands ","8,5 χιλ. | 1,5 χιλ. | 1,2 χιλ.",8.5,netherlands
335,Picnic,L4,7  yrs,"Amsterdam, NH, Netherlands ","9,6 χιλ. | N/A | N/A",9.6,netherlands
336,Picnic,L3,5  yrs,"Amsterdam, NH, Netherlands ","6,7 χιλ. | N/A | N/A",6.7,netherlands
337,Uber,Staff Software Engineer,15  yrs,"Amsterdam, NH, Netherlands ","11 χιλ. | 16 χιλ. | 2,2 χιλ.",11,netherlands
338,IKEA,Software Engineer,15  yrs,"Amsterdam, NH, Netherlands ","6,7 χιλ. | N/A | N/A",6.7,netherlands
339,Kaartje2go,Senior,9  yrs,"Zwolle, OV, Netherlands ","4,6 χιλ. | N/A | N/A",4.6,netherlands
340,Bitvavo,Softeware engineer II,7  yrs,"Amsterdam, NH, Netherlands ","7,5 χιλ. | N/A | N/A",7.5,netherlands
341,Grafana,Staff Software Engineer,12  yrs,"Amsterdam, NH, Netherlands ","10,8 χιλ. | N/A | N/A",10.8,netherlands
342,Amazon,SDE I,2  yrs,"Amsterdam, NH, Netherlands ","7 χιλ. | 5,1 χιλ. | N/A",7,netherlands
343,Uber,Senior Software Engineer,12  yrs,"Amsterdam, NH, Netherlands ","9,6 χιλ. | 4,2 χιλ. | 2,1 χιλ.",9.6,netherlands
344,Infosys,JL6A,12  yrs,"Amsterdam, NH, Netherlands ","8,4 χιλ. | N/A | N/A",8.4,netherlands
345,WeTransfer,Senior,8  yrs,"Amsterdam, NH, Netherlands ","7,9 χιλ. | N/A | N/A",7.9,netherlands
346,LeasePlan,Senior,15  yrs,"Amsterdam, NH, Netherlands ","8,6 χιλ. | N/A | N/A",8.6,netherlands
347,Booking.com,F,10  yrs,"Amsterdam, NH, Netherlands ","8,3 χιλ. | 1,7 χιλ. | N/A",8.3,netherlands
348,EPAM Systems,L3,8  yrs,"Amsterdam, NH, Netherlands ","6,2 χιλ. | N/A | N/A",6.2,netherlands
349,Infor,Senior Software Engineer,5  yrs,"Barneveld, GE, Netherlands ","6,6 χιλ. | N/A | N/A",6.6,netherlands
350,ASML,L4,6  yrs,"Veldhoven, NB, Netherlands ","7 χιλ. | N/A | 1,2 χιλ.",7,netherlands
351,Booking.com,F,6  yrs,"Amsterdam, NH, Netherlands ",6 χιλ. | N/A | N/A,6,netherlands
352,Booking.com,E,3  yrs,"Amsterdam, NH, Netherlands ","6,6 χιλ. | N/A | 656,1",6.6,netherlands
353,Picnic,L3,7  yrs,"Amsterdam, NH, Netherlands ",6 χιλ. | N/A | N/A,6,netherlands
354,CGI,Software Engineer,4  yrs,"Rotterdam, ZH, Netherlands ","3,5 χιλ. | N/A | N/A",3.5,netherlands
355,Miro,Senior SWE,10  yrs,"Amsterdam, NH, Netherlands ","9,6 χιλ. | N/A | N/A",9.6,netherlands
356,Nebius,G17,19  yrs,"Amsterdam, NH, Netherlands ","9 χιλ. | 1,7 χιλ. | 1,5 χιλ.",9,netherlands
357,Worldline,Junior,3  yrs,"Hoofddorp, NH, Netherlands ","4,8 χιλ. | N/A | 250",4.8,netherlands
358,Maersk,JL4,10  yrs,"The Hague, ZH, Netherlands ","8,1 χιλ. | N/A | 833,3",8.1,netherlands
359,Booking.com,F,20  yrs,"Amsterdam, NH, Netherlands ","8,1 χιλ. | 1,7 χιλ. | 1,3 χιλ.",8.1,netherlands
360,Backbase,Principal,8  yrs,"Amsterdam, NH, Netherlands ","7,3 χιλ. | N/A | 250",7.3,netherlands
361,Demcon,L4,6  yrs,"Delft, ZH, Netherlands ","4,6 χιλ. | N/A | N/A",4.6,netherlands
362,Facebook,E6,12  yrs,"Amsterdam, NH, Netherlands ","14,2 χιλ. | 20,8 χιλ. | N/A",14.2,netherlands
363,Apple,ICT4,3  yrs,"Amsterdam, NH, Netherlands ","8,6 χιλ. | 13 χιλ. | 500",8.6,netherlands
364,Media.Monks,Senior AEM Developer,5  yrs,"Amsterdam, NH, Netherlands ",5 χιλ. | N/A | N/A,5,netherlands
365,IMC,L3,7  yrs,"Amsterdam, NH, Netherlands ","10,2 χιλ. | N/A | 4,8 χιλ.",10.2,netherlands
366,Picnic,L2,2  yrs,"Amsterdam, NH, Netherlands ","4,7 χιλ. | N/A | N/A",4.7,netherlands
367,Picnic,L4,5  yrs,"Amsterdam, NH, Netherlands ","7,5 χιλ. | N/A | N/A",7.5,netherlands
368,Picnic,L2,3  yrs,"Amsterdam, NH, Netherlands ","5,2 χιλ. | N/A | N/A",5.2,netherlands
369,Picnic,L3,3  yrs,"Amsterdam, NH, Netherlands ","6,3 χιλ. | N/A | N/A",6.3,netherlands
370,Picnic,L2,2  yrs,"Amsterdam, NH, Netherlands ","5,2 χιλ. | N/A | N/A",5.2,netherlands
371,Picnic,L3,5  yrs,"Amsterdam, NH, Netherlands ","5,3 χιλ. | N/A | N/A",5.3,netherlands
372,Picnic,L4,7  yrs,"Amsterdam, NH, Netherlands ","7,7 χιλ. | N/A | N/A",7.7,netherlands
373,Picnic,L2,4  yrs,"Amsterdam, NH, Netherlands ",5 χιλ. | N/A | N/A,5,netherlands
374,Picnic,L3,8  yrs,"Amsterdam, NH, Netherlands ","6,7 χιλ. | N/A | N/A",6.7,netherlands
375,Picnic,L2,1  yr,"Amsterdam, NH, Netherlands ","5,1 χιλ. | N/A | N/A",5.1,netherlands
376,Picnic,2B,2  yrs,"Amsterdam, NH, Netherlands ","4,9 χιλ. | N/A | N/A",4.9,netherlands
377,Picnic,4,8  yrs,"Amsterdam, NH, Netherlands ","7,8 χιλ. | N/A | N/A",7.8,netherlands
378,Cadmatic,-,5  yrs,"Groningen, GR, Netherlands ","4,2 χιλ. | N/A | 1 χιλ.",4.2,netherlands
379,Backbase,Senior,10  yrs,"Amsterdam, NH, Netherlands ","6,7 χιλ. | N/A | N/A",6.7,netherlands
380,N/A,hidden,2-4  yrs,"Amsterdam, NH, Netherlands ","12,5 χιλ. | N/A | N/A",12.5,netherlands
381,Databricks,L3,1  yr,"Amsterdam, NH, Netherlands ","6,3 χιλ. | 3,3 χιλ. | 633,3",6.3,netherlands
382,IMC,L5,11+  yrs,"Amsterdam, NH, Netherlands ","10,4 χιλ. | N/A | 33,3 χιλ.",10.4,netherlands
383,ABB,Software Engineer,8  yrs,"Delft, ZH, Netherlands ","6,3 χιλ. | N/A | N/A",6.3,netherlands
384,TMNL,L4,10  yrs,"Amsterdam, NH, Netherlands ","9,2 χιλ. | N/A | N/A",9.2,netherlands
385,Just Eat,L54,8  yrs,"Enschede, OV, Netherlands ","6,4 χιλ. | 416,7 | N/A",6.4,netherlands
386,N/A,hidden,5-10  yrs,"Amsterdam, NH, Netherlands ","5,2 χιλ. | N/A | N/A",5.2,netherlands
387,University of Ams...,L3,4  yrs,"Amsterdam, NH, Netherlands ",3 χιλ. | N/A | N/A,3,netherlands
388,N/A,hidden,11+  yrs,"Amsterdam, NH, Netherlands ","7,1 χιλ. | N/A | N/A",7.1,netherlands
389,ASML,L7,8  yrs,"Eindhoven, NB, Netherlands ","6,7 χιλ. | N/A | 1,2 χιλ.",6.7,netherlands
390,ASML,hidden,2-4  yrs,"Veldhoven, NB, Netherlands ","4,6 χιλ. | N/A | N/A",4.6,netherlands
391,N/A,hidden,5-10  yrs,"Eindhoven, NB, Netherlands ","3,9 χιλ. | N/A | N/A",3.9,netherlands
392,ING,Software Engineer 4,11  yrs,"Amsterdam, NH, Netherlands ","7,9 χιλ. | N/A | N/A",7.9,netherlands
393,European Dynamics,L2,4  yrs,"Amsterdam, NH, Netherlands ","5,8 χιλ. | 416,7 | N/A",5.8,netherlands
394,Secura,Senior,9  yrs,"Amsterdam, NH, Netherlands ",5 χιλ. | N/A | N/A,5,netherlands
395,Lunatech,Senior,5-10  yrs,"Rotterdam, ZH, Netherlands ","6,4 χιλ. | N/A | N/A",6.4,netherlands
396,Juniper Networks,Distinguished Engineer 1,17  yrs,"Amsterdam, NH, Netherlands ","10,4 χιλ. | 833,3 | 2,6 χιλ.",10.4,netherlands
397,Deloitte,L1,0  yrs,"Amsterdam, NH, Netherlands ",3 χιλ. | N/A | N/A,3,netherlands
398,HackerOne,L4,7  yrs,"Amsterdam, NH, Netherlands ","7,5 χιλ. | N/A | N/A",7.5,netherlands
399,Booking.com,F,8  yrs,"Amsterdam, NH, Netherlands ","8,9 χιλ. | 1,5 χιλ. | 1,3 χιλ.",8.9,netherlands
400,Centillien,L3,1  yr,"Eindhoven, NB, Netherlands ","4,2 χιλ. | N/A | N/A",4.2,netherlands
401,Trip.com,Principal,13  yrs,"Amsterdam, NH, Netherlands ","7,7 χιλ. | N/A | N/A",7.7,netherlands
402,Sytac,L3,10  yrs,"Amsterdam, NH, Netherlands ","6,8 χιλ. | N/A | N/A",6.8,netherlands
403,LyondellBasell,5,11  yrs,"Rotterdam, ZH, Netherlands ","8,3 χιλ. | N/A | N/A",8.3,netherlands
404,ING,Software Engineer 4,7  yrs,"Amsterdam, NH, Netherlands ","7,1 χιλ. | N/A | N/A",7.1,netherlands
405,Uber,Software Engineer II,3  yrs,"Amsterdam, NH, Netherlands ","8,5 χιλ. | 3,3 χιλ. | 1,3 χιλ.",8.5,netherlands
406,Booking.com,G,20  yrs,"Amsterdam, NH, Netherlands ","10 χιλ. | 5 χιλ. | 3,3 χιλ.",10,netherlands
407,WEB,L2,6  yrs,"Eindhoven, NB, Netherlands ","4,3 χιλ. | N/A | N/A",4.3,netherlands
408,Creative Fabrica,Senior,11+  yrs,"Amsterdam, NH, Netherlands ","11,2 χιλ. | N/A | N/A",11.2,netherlands
409,Booking.com,G,9  yrs,"Amsterdam, NH, Netherlands ","9,2 χιλ. | 3,3 χιλ. | N/A",9.2,netherlands
410,Picnic,L2,4  yrs,"Amsterdam, NH, Netherlands ",5 χιλ. | N/A | N/A,5,netherlands
411,Adevinta,12,8  yrs,"Amsterdam, NH, Netherlands ","6,6 χιλ. | N/A | 958,3",6.6,netherlands
412,NN Group,Senior,5  yrs,"Amsterdam, NH, Netherlands ","8 χιλ. | N/A | 916,7",8,netherlands
413,Robin Radar Systems,Student Worker,3  yrs,"The Hague, ZH, Netherlands ","4,2 χιλ. | N/A | N/A",4.2,netherlands
414,IKEA,Senior Software Engineer,10  yrs,"Amsterdam, NH, Netherlands ","7,9 χιλ. | N/A | N/A",7.9,netherlands
415,LPS,2,8  yrs,"Amsterdam, NH, Netherlands ","5,7 χιλ. | N/A | N/A",5.7,netherlands
416,Booking.com,E,0  yrs,"Amsterdam, NH, Netherlands ","5,1 χιλ. | N/A | N/A",5.1,netherlands
417,Booking.com,G,8  yrs,"Amsterdam, NH, Netherlands ","9,9 χιλ. | 3,3 χιλ. | 2,1 χιλ.",9.9,netherlands
418,Databricks,L4,6  yrs,"Amsterdam, NH, Netherlands ","7,5 χιλ. | 13,8 χιλ. | 1 χιλ.",7.5,netherlands
419,Eonics,Senior,6  yrs,"The Hague, ZH, Netherlands ","3,3 χιλ. | N/A | 5 χιλ.",3.3,netherlands
420,TomTom,Software Engineer I,1  yr,"Amsterdam, NH, Netherlands ","5,2 χιλ. | N/A | N/A",5.2,netherlands
421,Uber,Staff Software Engineer,12  yrs,"Amsterdam, NH, Netherlands ","12,1 χιλ. | 10 χιλ. | 2,5 χιλ.",12.1,netherlands
422,Capgemini,B2,9  yrs,"Utrecht, UT, Netherlands ",5 χιλ. | N/A | N/A,5,netherlands
423,Microsoft,62,2  yrs,"Amsterdam, NH, Netherlands ","7,5 χιλ. | 4,2 χιλ. | 833,3",7.5,netherlands
424,Adyen,Software Engineer,5  yrs,"Amsterdam, NH, Netherlands ","6,7 χιλ. | 666,7 | N/A",6.7,netherlands
425,Mollie,Senior Engineer,7  yrs,"Amsterdam, NH, Netherlands ","8,7 χιλ. | 416,7 | 416,7",8.7,netherlands
426,Evolution Gaming,L3,15  yrs,"Amsterdam, NH, Netherlands ","6,3 χιλ. | N/A | N/A",6.3,netherlands
427,LeasePlan,Senior,7  yrs,"Amsterdam, NH, Netherlands ",6 χιλ. | N/A | 1 χιλ.,6,netherlands
428,IMC,L1,0  yrs,"Amsterdam, NH, Netherlands ","8,3 χιλ. | N/A | 3,5 χιλ.",8.3,netherlands
429,Plumery,Principal Engineer,15  yrs,"Amsterdam, NH, Netherlands ",10 χιλ. | N/A | N/A,10,netherlands
430,Uber,Senior Software Engineer,12  yrs,"Amsterdam, NH, Netherlands ","11,3 χιλ. | 3,1 χιλ. | 1,4 χιλ.",11.3,netherlands
431,Elastic,C5,7  yrs,"The Hague, ZH, Netherlands ","8,3 χιλ. | 3,3 χιλ. | N/A",8.3,netherlands
432,Booking.com,G,12  yrs,"Amsterdam, NH, Netherlands ","10,1 χιλ. | 4 χιλ. | 2,8 χιλ.",10.1,netherlands
433,Nationale-Nederla...,Senior Engineer,8  yrs,"The Hague, ZH, Netherlands ","6,2 χιλ. | N/A | N/A",6.2,netherlands
434,WeTransfer,hidden,5-10  yrs,"Amsterdam, NH, Netherlands ","6,7 χιλ. | N/A | N/A",6.7,netherlands
435,Facebook,E5,13  yrs,"Amsterdam, NH, Netherlands ","11,3 χιλ. | 10 χιλ. | 2,1 χιλ.",11.3,netherlands
436,Adyen,L2,6  yrs,"Amsterdam, NH, Netherlands ","6,7 χιλ. | 833,3 | 1,3 χιλ.",6.7,netherlands
437,Amazon,SDE II,10  yrs,"Amsterdam, NH, Netherlands ","6,7 χιλ. | 1,7 χιλ. | N/A",6.7,netherlands
438,Accenture,Software Engineer Analyst,5  yrs,"Amsterdam, NH, Netherlands ",4 χιλ. | N/A | N/A,4,netherlands
439,Adidas,Software Engineer,13  yrs,"Amsterdam, NH, Netherlands ","6,7 χιλ. | N/A | N/A",6.7,netherlands
440,Miro,SWE II,12  yrs,"Amsterdam, NH, Netherlands ",8 χιλ. | 500 | N/A,8,netherlands
441,Eneco,Senior Data Engineer,10  yrs,"Rotterdam, ZH, Netherlands ","8,3 χιλ. | N/A | 1 χιλ.",8.3,netherlands
442,TKH AI,L3,0  yrs,"Amsterdam, NH, Netherlands ",1 χιλ. | N/A | N/A,1,netherlands
443,Rohill B.V.,-,3  yrs,"Hoogeveen, DR, Netherlands ","2,9 χιλ. | N/A | N/A",2.9,netherlands
444,Booking.com,E,4  yrs,"Amsterdam, NH, Netherlands ","6,9 χιλ. | N/A | 691,7",6.9,netherlands
445,IKEA,Senior Software Engineer,6  yrs,"Amsterdam, NH, Netherlands ","7,3 χιλ. | N/A | N/A",7.3,netherlands
446,Booking.com,F,10  yrs,"Amsterdam, NH, Netherlands ","8,7 χιλ. | 1,7 χιλ. | 1,3 χιλ.",8.7,netherlands
447,Adyen,Software Engineer,10  yrs,"Amsterdam, NH, Netherlands ","8,8 χιλ. | 1 χιλ. | N/A",8.8,netherlands
448,LessonUp,Medior,4  yrs,"The Hague, ZH, Netherlands ","5,8 χιλ. | N/A | N/A",5.8,netherlands
449,Voja Travel,-,0  yrs,"Utrecht, UT, Netherlands ",4 χιλ. | N/A | N/A,4,netherlands
450,Waes,Senior,9  yrs,"Eindhoven, NB, Netherlands ","7 χιλ. | N/A | 1,1 χιλ.",7,netherlands
451,Adyen,Software Engineer,5  yrs,"Amsterdam, NH, Netherlands ","8,7 χιλ. | 833,3 | N/A",8.7,netherlands
452,Chance,L2,3  yrs,"Utrecht, UT, Netherlands ",5 χιλ. | N/A | N/A,5,netherlands
453,Booking.com,F,5  yrs,"Amsterdam, NH, Netherlands ","8,3 χιλ. | 1,6 χιλ. | 1,3 χιλ.",8.3,netherlands
454,ING,Software Engineer 2,4  yrs,"Amsterdam, NH, Netherlands ","5,8 χιλ. | N/A | N/A",5.8,netherlands
455,Amazon,SDE II,10  yrs,"Amsterdam, NH, Netherlands ","8,3 χιλ. | 1,7 χιλ. | 416,7",8.3,netherlands
456,N/A,hidden,5-10  yrs,"Amsterdam, NH, Netherlands ","6,9 χιλ. | N/A | N/A",6.9,netherlands
457,Ahold Delhaize,Senior,9  yrs,"Amsterdam, NH, Netherlands ","5,5 χιλ. | N/A | 1,8 χιλ.",5.5,netherlands
458,Coolblue,L3,5  yrs,"Rotterdam, ZH, Netherlands ","6,3 χιλ. | N/A | N/A",6.3,netherlands
459,Ostrica,-,12  yrs,"Amsterdam, NH, Netherlands ","7,1 χιλ. | N/A | N/A",7.1,netherlands
460,Ahold Delhaize,Senior,7  yrs,"Amsterdam, NH, Netherlands ","7,1 χιλ. | N/A | 833,3",7.1,netherlands
461,Cutr,L2,7  yrs,"Amsterdam, NH, Netherlands ","7,5 χιλ. | 3,3 χιλ. | N/A",7.5,netherlands
462,Booking.com,G,20  yrs,"Amsterdam, NH, Netherlands ","10,2 χιλ. | 3,2 χιλ. | 2,1 χιλ.",10.2,netherlands
463,Adyen,hidden,5-10  yrs,"Amsterdam, NH, Netherlands ","8,6 χιλ. | 1,9 χιλ. | 1 χιλ.",8.6,netherlands
464,Uber,Senior Software Engineer,7  yrs,"Amsterdam, NH, Netherlands ","10,4 χιλ. | 8,4 χιλ. | 1 χιλ.",10.4,netherlands
465,Netcompany,L2,5  yrs,"Delft, ZH, Netherlands ","5,4 χιλ. | N/A | N/A",5.4,netherlands
466,Truvity,Principal Engineer,11+  yrs,"Amsterdam, NH, Netherlands ","12,4 χιλ. | N/A | 1,3 χιλ.",12.4,netherlands
467,Truvity,Principal Engineer,11+  yrs,"Amsterdam, NH, Netherlands ","12,4 χιλ. | N/A | 1,2 χιλ.",12.4,netherlands
468,TomTom,Software Engineer I,1  yr,"Amsterdam, NH, Netherlands ","5,4 χιλ. | N/A | N/A",5.4,netherlands
469,Fivetran,IC3,8  yrs,"Amsterdam, NH, Netherlands ","9,2 χιλ. | N/A | N/A",9.2,netherlands
470,TBAuctions,L2,8  yrs,"Amsterdam, NH, Netherlands ","6,5 χιλ. | N/A | N/A",6.5,netherlands
471,ABN AMRO,hidden,11+  yrs,"Amsterdam, NH, Netherlands ","11,7 χιλ. | N/A | 250",11.7,netherlands
472,Amazon,SDE II,5  yrs,"Amsterdam, NH, Netherlands ","10 χιλ. | 5,4 χιλ. | N/A",10,netherlands
473,Sam Solutions,L3,10  yrs,"The Hague, ZH, Netherlands ","6,1 χιλ. | N/A | N/A",6.1,netherlands
474,Shell Recharge So...,Engineer,8  yrs,"Amsterdam, NH, Netherlands ","5,4 χιλ. | N/A | 666,7",5.4,netherlands
475,JetBrains,hidden,5-10  yrs,"Amsterdam, NH, Netherlands ","8,9 χιλ. | N/A | 1,3 χιλ.",8.9,netherlands
476,DQ&A Group B.V.,-,7  yrs,"Voorburg, ZH, Netherlands ","6,1 χιλ. | N/A | N/A",6.1,netherlands
477,Booking.com,G,9  yrs,"Amsterdam, NH, Netherlands ","10,3 χιλ. | 3,2 χιλ. | 2,1 χιλ.",10.3,netherlands
478,Adyen,Software Engineer 2,10  yrs,"Amsterdam, NH, Netherlands ","8,1 χιλ. | 1,5 χιλ. | N/A",8.1,netherlands
479,N/A,hidden,11+  yrs,"Nijmegen, GE, Netherlands ",5 χιλ. | N/A | N/A,5,netherlands
480,Catawiki,Junior,0  yrs,"Amsterdam, NH, Netherlands ","4,2 χιλ. | N/A | N/A",4.2,netherlands
481,Booking.com,G,9  yrs,"Amsterdam, NH, Netherlands ","10,4 χιλ. | 1,2 χιλ. | 2,7 χιλ.",10.4,netherlands
482,Toloka AI,L4,7  yrs,"Amsterdam, NH, Netherlands ","10,1 χιλ. | 1,7 χιλ. | N/A",10.1,netherlands
483,Booking.com,F,6  yrs,"Amsterdam, NH, Netherlands ","8,2 χιλ. | 1,7 χιλ. | 1,2 χιλ.",8.2,netherlands
484,Booking.com,E,2  yrs,"Amsterdam, NH, Netherlands ","6,9 χιλ. | N/A | 691,7",6.9,netherlands
485,Booking.com,F,7  yrs,"Amsterdam, NH, Netherlands ","8,5 χιλ. | 1,6 χιλ. | 1,6 χιλ.",8.5,netherlands
486,Mollie,Senior Engineer,11  yrs,"Amsterdam, NH, Netherlands ","8,6 χιλ. | N/A | 583,3",8.6,netherlands
487,Qualcomm,Staff Engineer,7  yrs,"Amsterdam, NH, Netherlands ","7,6 χιλ. | 9,7 χιλ. | 2,7 χιλ.",7.6,netherlands
488,Thales,L3,4  yrs,"Hengelo, OV, Netherlands ","4,2 χιλ. | 80 | 41,7",4.2,netherlands
489,SecureOne Interna...,Senior,13  yrs,"Eindhoven, NB, Netherlands ","6,4 χιλ. | N/A | N/A",6.4,netherlands
490,Booking.com,H,15  yrs,"Amsterdam, NH, Netherlands ","12,9 χιλ. | 5 χιλ. | 3,3 χιλ.",12.9,netherlands
491,Uber,Software Engineer II,5  yrs,"Amsterdam, NH, Netherlands ","8,1 χιλ. | 1,9 χιλ. | 1,3 χιλ.",8.1,netherlands
492,SWIFT,Senior,6  yrs,"The Hague, ZH, Netherlands ","6,7 χιλ. | N/A | N/A",6.7,netherlands
493,NOS,L1,1  yr,"Hilversum, NH, Netherlands ","3,5 χιλ. | N/A | N/A",3.5,netherlands
494,Eurofins,Medior,4  yrs,"Rotterdam, ZH, Netherlands ",5 χιλ. | N/A | N/A,5,netherlands
495,ORTEC,L2,12  yrs,"Zoetermeer, ZH, Netherlands ","6,3 χιλ. | N/A | 500",6.3,netherlands
496,Backbase,L2,20  yrs,"Amsterdam, NH, Netherlands ","6,1 χιλ. | N/A | N/A",6.1,netherlands
497,Adidas,Senior Software Engineer,11  yrs,"Amsterdam, NH, Netherlands ","8 χιλ. | N/A | 1,2 χιλ.",8,netherlands
498,N/A,-,3  yrs,"Delft, ZH, Netherlands ",4 χιλ. | N/A | N/A,4,netherlands
499,TomTom,Software Engineer III,10  yrs,"Eindhoven, NB, Netherlands ","6,8 χιλ. | N/A | N/A",6.8,netherlands
500,Nebius,G17,8  yrs,"Amsterdam, NH, Netherlands ","11,6 χιλ. | 4,3 χιλ. | 2,5 χιλ.",11.6,netherlands
501,Mollie,Software Engineer 2,9  yrs,"Amsterdam, NH, Netherlands ","6,7 χιλ. | 250 | N/A",6.7,netherlands
502,Booking.com,Senior Software Engineer II,7  yrs,"Amsterdam, NH, Netherlands ","10,8 χιλ. | 3,2 χιλ. | 2,2 χιλ.",10.8,netherlands
503,Decathlon,L3,15  yrs,"Amsterdam, NH, Netherlands ","7,5 χιλ. | N/A | 416,7",7.5,netherlands
504,Forescout Technol...,Senior,6  yrs,"Eindhoven, NB, Netherlands ","6,5 χιλ. | N/A | 1 χιλ.",6.5,netherlands
505,Booking.com,F,5  yrs,"Amsterdam, NH, Netherlands ","8,4 χιλ. | 1,6 χιλ. | 1,3 χιλ.",8.4,netherlands
506,Neolpe,L3,6  yrs,"Amsterdam, NH, Netherlands ","7,7 χιλ. | N/A | N/A",7.7,netherlands
507,My.Games,L4,11  yrs,"Amsterdam, NH, Netherlands ","7,2 χιλ. | N/A | N/A",7.2,netherlands
508,My.games,Team Lead,10  yrs,"Amsterdam, NH, Netherlands ","7,2 χιλ. | N/A | N/A",7.2,netherlands
509,Altura,L2,5  yrs,"Amsterdam, NH, Netherlands ","3,6 χιλ. | N/A | N/A",3.6,netherlands
510,Bynder,Senior Software Engineer,7  yrs,"Rotterdam, ZH, Netherlands ","5,5 χιλ. | N/A | N/A",5.5,netherlands
511,Infor,Senior Software Engineer,9  yrs,"Barneveld, GE, Netherlands ","5,8 χιλ. | N/A | N/A",5.8,netherlands
512,Mews,L4,7  yrs,"Amsterdam, NH, Netherlands ","8,2 χιλ. | N/A | N/A",8.2,netherlands
513,Booking.com,G,18  yrs,"Amsterdam, NH, Netherlands ","10,4 χιλ. | 3,2 χιλ. | 2,2 χιλ.",10.4,netherlands
514,Uber,Senior Software Engineer,8  yrs,"Amsterdam, NH, Netherlands ","8,7 χιλ. | 1,2 χιλ. | 1,5 χιλ.",8.7,netherlands
515,IMC,L3,10  yrs,"Amsterdam, NH, Netherlands ","9,2 χιλ. | N/A | 6,7 χιλ.",9.2,netherlands
516,Booking.com,G,15  yrs,"Amsterdam, NH, Netherlands ","10 χιλ. | 3,2 χιλ. | 2 χιλ.",10,netherlands
517,N/A,hidden,0-1  yrs,"Delft, ZH, Netherlands ","3,6 χιλ. | N/A | N/A",3.6,netherlands
518,Mollie,Senior Engineer,10  yrs,"Amsterdam, NH, Netherlands ","8,3 χιλ. | N/A | 833,3",8.3,netherlands
519,Adyen,Senior Software Engineer,12  yrs,"Amsterdam, NH, Netherlands ","12,1 χιλ. | 2,3 χιλ. | 1 χιλ.",12.1,netherlands
520,Ahold Delhaize,Junior,4  yrs,"Zaandam, NH, Netherlands ","6,1 χιλ. | N/A | 366,6",6.1,netherlands
521,Adyen,Senior Software Engineer,15  yrs,"Amsterdam, NH, Netherlands ","8,3 χιλ. | N/A | N/A",8.3,netherlands
522,Booking.com,F,6  yrs,"Amsterdam, NH, Netherlands ","8,6 χιλ. | 524,9 | 1,2 χιλ.",8.6,netherlands
523,Achmea,Senior,7  yrs,"Apeldoorn, GE, Netherlands ","7,5 χιλ. | N/A | N/A",7.5,netherlands
524,ING,Software Engineer 4,10  yrs,"Amsterdam, NH, Netherlands ","7,8 χιλ. | N/A | N/A",7.8,netherlands
525,FareHarbor,L3,7  yrs,"Amsterdam, NH, Netherlands ","7,7 χιλ. | 1,7 χιλ. | 1 χιλ.",7.7,netherlands
526,LigoBv,L3,7  yrs,"Amsterdam, NH, Netherlands ","5,2 χιλ. | N/A | N/A",5.2,netherlands
527,Xebia,Senior,15  yrs,"Hilversum, NH, Netherlands ","7,2 χιλ. | N/A | 208,3",7.2,netherlands
528,Swisscom,Senior Software Engineer,10  yrs,"Rotterdam, ZH, Netherlands ","6,9 χιλ. | N/A | N/A",6.9,netherlands
529,Booking.com,F,7  yrs,"Amsterdam, NH, Netherlands ","8 χιλ. | 1,6 χιλ. | 1,2 χιλ.",8,netherlands
530,JetBrains,L6,15  yrs,"Amsterdam, NH, Netherlands ","11,7 χιλ. | N/A | 1 χιλ.",11.7,netherlands
531,Coolblue Energy,Senior,8  yrs,"Utrecht, UT, Netherlands ","5,9 χιλ. | N/A | N/A",5.9,netherlands
532,ABN AMRO,2,5  yrs,"Amsterdam, NH, Netherlands ","6,2 χιλ. | N/A | N/A",6.2,netherlands
533,Shell,JG2,8  yrs,"Amsterdam, NH, Netherlands ","6,7 χιλ. | N/A | N/A",6.7,netherlands
534,Picnic,L3,5  yrs,"Amsterdam, NH, Netherlands ","7,3 χιλ. | N/A | N/A",7.3,netherlands
535,Luxoft,L3,15  yrs,"Veldhoven, NB, Netherlands ","6,8 χιλ. | N/A | N/A",6.8,netherlands
536,Xebia,L2,4  yrs,"Amsterdam, NH, Netherlands ","6,3 χιλ. | N/A | N/A",6.3,netherlands
537,Hexagon AB,Implementation Consultant,9  yrs,"Amsterdam, NH, Netherlands ","6,4 χιλ. | N/A | N/A",6.4,netherlands
538,TKH AI,L3,0  yrs,"Amsterdam, NH, Netherlands ",1 χιλ. | N/A | N/A,1,netherlands
539,LeasePlan,Senior,9  yrs,"Amsterdam, NH, Netherlands ","8,2 χιλ. | N/A | 1 χιλ.",8.2,netherlands
540,Transfer Solutions,Entry,0  yrs,"Utrecht, UT, Netherlands ",3 χιλ. | N/A | N/A,3,netherlands
541,Wooms,L1,4  yrs,"Amsterdam, NH, Netherlands ","3,5 χιλ. | N/A | N/A",3.5,netherlands
542,Dutch Government,-,7  yrs,"The Hague, ZH, Netherlands ","6,2 χιλ. | N/A | N/A",6.2,netherlands
543,Shell Recharge So...,Lead,10  yrs,"Amsterdam, NH, Netherlands ","6,4 χιλ. | N/A | N/A",6.4,netherlands
544,Nationale-Nederla...,18,23  yrs,"The Hague, ZH, Netherlands ",7 χιλ. | N/A | N/A,7,netherlands
545,Knab,L3,3  yrs,"Amsterdam, NH, Netherlands ",5 χιλ. | N/A | N/A,5,netherlands
546,Booking.com,F,11  yrs,"Amsterdam, NH, Netherlands ","8,3 χιλ. | 1,7 χιλ. | 1,3 χιλ.",8.3,netherlands
547,Booking.com,F,7  yrs,"Amsterdam, NH, Netherlands ","8,2 χιλ. | 1,6 χιλ. | 833,3",8.2,netherlands
548,Brenntag,-,3  yrs,"Amsterdam, NH, Netherlands ","6,8 χιλ. | N/A | N/A",6.8,netherlands
549,N/A,-,15  yrs,"Enschede, OV, Netherlands ","5,5 χιλ. | N/A | N/A",5.5,netherlands
550,JetBrains,L3,7  yrs,"Amsterdam, NH, Netherlands ","9,2 χιλ. | N/A | N/A",9.2,netherlands
551,IMC,L3,3  yrs,"Amsterdam, NH, Netherlands ","9,2 χιλ. | N/A | 8,3 χιλ.",9.2,netherlands
552,Booking.com,F,10  yrs,"Amsterdam, NH, Netherlands ","9,7 χιλ. | 1,6 χιλ. | 1,4 χιλ.",9.7,netherlands
553,Ambassadors,-,3  yrs,"Amsterdam, NH, Netherlands ","3,8 χιλ. | N/A | N/A",3.8,netherlands
554,Knab,Senior,5-10  yrs,"Amsterdam, NH, Netherlands ","6,2 χιλ. | N/A | 479,2",6.2,netherlands
555,Sogyo,Trainee,1  yr,"De Bilt, UT, Netherlands ","2,9 χιλ. | N/A | N/A",2.9,netherlands
556,Amazon,SDE II,5  yrs,"Amsterdam, NH, Netherlands ","7,5 χιλ. | 2,9 χιλ. | 270,8",7.5,netherlands
557,flatexDEGIRO,hidden,5-10  yrs,"Amsterdam, NH, Netherlands ","6,2 χιλ. | N/A | N/A",6.2,netherlands
558,Miro,Senior SWE,10  yrs,"Amsterdam, NH, Netherlands ","10,6 χιλ. | 1,6 χιλ. | N/A",10.6,netherlands
559,Ahold Delhaize,T5,3  yrs,"Utrecht, UT, Netherlands ",5 χιλ. | N/A | N/A,5,netherlands
560,ICT Group,C,13  yrs,"Eindhoven, NB, Netherlands ","6,8 χιλ. | N/A | N/A",6.8,netherlands
561,Parkos,L4,10  yrs,"Amsterdam, NH, Netherlands ","3,9 χιλ. | N/A | N/A",3.9,netherlands
562,WeTransfer,Senior I,11+  yrs,"Amsterdam, NH, Netherlands ","8,3 χιλ. | N/A | N/A",8.3,netherlands
563,Acompany,L3,8  yrs,"Amsterdam, NH, Netherlands ","5,8 χιλ. | N/A | N/A",5.8,netherlands
564,ING,Software Engineer 3,7  yrs,"Amsterdam, NH, Netherlands ","7,5 χιλ. | N/A | N/A",7.5,netherlands
565,Xebia,L3,4  yrs,"Amsterdam, NH, Netherlands ","6,7 χιλ. | N/A | N/A",6.7,netherlands
566,Booking.com,G,8  yrs,"Amsterdam, NH, Netherlands ","9,7 χιλ. | 4 χιλ. | 1,9 χιλ.",9.7,netherlands
567,Booking.com,F,10  yrs,"Amsterdam, NH, Netherlands ","8,3 χιλ. | 1,7 χιλ. | 1,2 χιλ.",8.3,netherlands
568,Reaktor,L5,11+  yrs,"Amsterdam, NH, Netherlands ","6,7 χιλ. | N/A | 166,7",6.7,netherlands
569,N/A,hidden,2-4  yrs,"Delft, ZH, Netherlands ","4,1 χιλ. | N/A | N/A",4.1,netherlands
570,Adyen,Software Engineer,1  yr,"Amsterdam, NH, Netherlands ","5,2 χιλ. | 1 χιλ. | 1 χιλ.",5.2,netherlands
571,RH Marine,Junior Engineer,2  yrs,"Alphen Aan Den Rijn, ZH, Netherlands ",5 χιλ. | N/A | N/A,5,netherlands
572,Tesla,P3,5  yrs,"Amsterdam, NH, Netherlands ","7,8 χιλ. | 541,7 | N/A",7.8,netherlands
573,FareHarbor,Senior,10  yrs,"Amsterdam, NH, Netherlands ","6,5 χιλ. | N/A | 833,3",6.5,netherlands
574,SurePrep,-,1  yr,"Amsterdam, NH, Netherlands ","8,3 χιλ. | N/A | N/A",8.3,netherlands
575,Abcam,II,7  yrs,"Amsterdam, NH, Netherlands ","8,3 χιλ. | N/A | N/A",8.3,netherlands
576,WeTransfer,Software Engineer II,7  yrs,"Amsterdam, NH, Netherlands ","6,2 χιλ. | N/A | N/A",6.2,netherlands
577,Cargill,hidden,5-10  yrs,"Amsterdam, NH, Netherlands ","8,7 χιλ. | N/A | 1,5 χιλ.",8.7,netherlands
578,N/A,hidden,0-1  yrs,"Rotterdam, ZH, Netherlands ",5 χιλ. | N/A | 250,5,netherlands
579,Hexaware Technolo...,Senior Software Engineer,9  yrs,"Amsterdam, NH, Netherlands ","5,8 χιλ. | N/A | N/A",5.8,netherlands
580,Booking.com,F,5  yrs,"Amsterdam, NH, Netherlands ","8,3 χιλ. | 536,1 | 1,2 χιλ.",8.3,netherlands
581,Uber,Senior Software Engineer,11  yrs,"Amsterdam, NH, Netherlands ","10,8 χιλ. | 5,5 χιλ. | 2,5 χιλ.",10.8,netherlands
582,TMNL,L4,5-10  yrs,"Amsterdam, NH, Netherlands ","7,9 χιλ. | N/A | N/A",7.9,netherlands
583,MessageBird,L3,8  yrs,"Amsterdam, NH, Netherlands ","9,2 χιλ. | N/A | N/A",9.2,netherlands
584,Backbase,Senior Backend Engineer,10  yrs,"Amsterdam, NH, Netherlands ","7,5 χιλ. | N/A | 1,2 χιλ.",7.5,netherlands
585,EchoesHQ,Senior,15  yrs,"Amsterdam, NH, Netherlands ","8,3 χιλ. | N/A | N/A",8.3,netherlands
586,ING,Software Engineer 3,8  yrs,"Amsterdam, NH, Netherlands ","7,9 χιλ. | N/A | N/A",7.9,netherlands
587,Flexport,Senior Software Engineer,8  yrs,"Amsterdam, NH, Netherlands ","9,2 χιλ. | 3 χιλ. | 1 χιλ.",9.2,netherlands
588,Adyen,Software Engineer,1  yr,"Amsterdam, NH, Netherlands ","5,8 χιλ. | 1,2 χιλ. | 1,2 χιλ.",5.8,netherlands
589,Blue Harvest,Senior,7  yrs,"Amsterdam, NH, Netherlands ","4,4 χιλ. | N/A | 166,7",4.4,netherlands
590,N/A,hidden,5-10  yrs,"Amsterdam, NH, Netherlands ",5 χιλ. | N/A | N/A,5,netherlands
591,Scor Digital Solu...,Junior Back-End Developer,0  yrs,"Rotterdam, ZH, Netherlands ","2,9 χιλ. | N/A | N/A",2.9,netherlands
592,Booking.com,F,8  yrs,"Amsterdam, NH, Netherlands ","8,8 χιλ. | 1,6 χιλ. | 1,3 χιλ.",8.8,netherlands
593,Mollie,Software Engineer 1,4  yrs,"Amsterdam, NH, Netherlands ",6 χιλ. | N/A | N/A,6,netherlands
594,Bunq,Medior,7  yrs,"Amsterdam, NH, Netherlands ","7,4 χιλ. | N/A | N/A",7.4,netherlands
595,Lemonade,Senior,10  yrs,"Amsterdam, NH, Netherlands ","9,2 χιλ. | 7,5 χιλ. | N/A",9.2,netherlands
596,Lepso,Software Engineer,7  yrs,"Amsterdam, NH, Netherlands ","8,1 χιλ. | N/A | N/A",8.1,netherlands
597,StuDocu,hidden,5-10  yrs,"Amsterdam, NH, Netherlands ",5 χιλ. | N/A | N/A,5,netherlands
598,Rabobank,Senior,15  yrs,"Utrecht, UT, Netherlands ",10 χιλ. | N/A | N/A,10,netherlands
599,Capgemini,Standard,8  yrs,"Eindhoven, NB, Netherlands ","5,4 χιλ. | N/A | N/A",5.4,netherlands
600,Cloudflare,L2,5  yrs,"Amsterdam, NH, Netherlands ","7,7 χιλ. | 2,6 χιλ. | N/A",7.7,netherlands
601,Bubty,L2,14  yrs,"Amsterdam, NH, Netherlands ","8,2 χιλ. | N/A | N/A",8.2,netherlands
602,Rabobank,Senior,4  yrs,"Utrecht, UT, Netherlands ","8,9 χιλ. | N/A | N/A",8.9,netherlands
603,Nebius,G17,10  yrs,"Amsterdam, NH, Netherlands ","8,3 χιλ. | 2,2 χιλ. | 1,9 χιλ.",8.3,netherlands
604,Fugro,L2,8  yrs,"The Hague, ZH, Netherlands ","5,4 χιλ. | N/A | N/A",5.4,netherlands
605,Odido,Senior,7  yrs,"The Hague, ZH, Netherlands ","6,2 χιλ. | N/A | N/A",6.2,netherlands
606,EPAM Systems,L3,6  yrs,"Amsterdam, NH, Netherlands ","6,3 χιλ. | N/A | 166,7",6.3,netherlands
607,Amazon,SDE II,9  yrs,"Amsterdam, NH, Netherlands ","7,7 χιλ. | 2,5 χιλ. | N/A",7.7,netherlands
608,N/A,hidden,5-10  yrs,"Amersfoort, UT, Netherlands ","7,8 χιλ. | N/A | N/A",7.8,netherlands
609,Rabobank,9,3  yrs,"Utrecht, UT, Netherlands ","7,9 χιλ. | N/A | N/A",7.9,netherlands
610,AIMMS,hidden,5-10  yrs,"Haarlem, NH, Netherlands ","5,6 χιλ. | N/A | N/A",5.6,netherlands
611,Backbase,L2,7  yrs,"Amsterdam, NH, Netherlands ","5,8 χιλ. | N/A | N/A",5.8,netherlands
612,Flow Traders,L5,13  yrs,"Amsterdam, NH, Netherlands ","10 χιλ. | N/A | 5,2 χιλ.",10,netherlands
613,Amazon,SDE III,15  yrs,"Amsterdam, NH, Netherlands ","10 χιλ. | 6,7 χιλ. | N/A",10,netherlands
614,ING,Software Engineer 2,3  yrs,"Amsterdam, NH, Netherlands ","5,2 χιλ. | N/A | N/A",5.2,netherlands
615,NorthPool,L1,1  yr,"Leiden, ZH, Netherlands ","4,3 χιλ. | N/A | 833,3",4.3,netherlands
616,Cliq digital,Senior,9  yrs,"Amsterdam, NH, Netherlands ","5,9 χιλ. | N/A | N/A",5.9,netherlands
617,GitLab,Senior Software Engineer,10  yrs,"Amsterdam, NH, Netherlands ","10 χιλ. | 3,3 χιλ. | N/A",10,netherlands
618,Deloitte,L4,10  yrs,"Amsterdam, NH, Netherlands ","7,9 χιλ. | N/A | N/A",7.9,netherlands
619,Flow Traders,L2,2  yrs,"Amsterdam, NH, Netherlands ","6,1 χιλ. | N/A | 416,7",6.1,netherlands
620,Booking.com,F,7  yrs,"Amsterdam, NH, Netherlands ","8,3 χιλ. | 1,7 χιλ. | 1,2 χιλ.",8.3,netherlands
621,Booking.com,G,16  yrs,"Amsterdam, NH, Netherlands ","10,4 χιλ. | 3,3 χιλ. | 2,5 χιλ.",10.4,netherlands
622,BetterUp,L5,5-10  yrs,"Amsterdam, NH, Netherlands ","9,2 χιλ. | 2,5 χιλ. | N/A",9.2,netherlands
623,Sunweb,-,15  yrs,"Rotterdam, ZH, Netherlands ","4,8 χιλ. | N/A | N/A",4.8,netherlands
624,sennder,Senior,10  yrs,"Amsterdam, NH, Netherlands ","6,7 χιλ. | N/A | N/A",6.7,netherlands
625,NN Group,L2,4  yrs,"The Hague, ZH, Netherlands ","3,8 χιλ. | N/A | N/A",3.8,netherlands
626,TomTom,Software Engineer III,8  yrs,"Amsterdam, NH, Netherlands ","6,6 χιλ. | N/A | N/A",6.6,netherlands
627,Adyen,Software Engineer,3  yrs,"Amsterdam, NH, Netherlands ","5,7 χιλ. | 666,7 | 1 χιλ.",5.7,netherlands
628,Damien,-,10  yrs,"Rotterdam, ZH, Netherlands ","6,2 χιλ. | N/A | N/A",6.2,netherlands
629,Radboud Universit...,1,1  yr,"Nijmegen, GE, Netherlands ",500 | N/A | N/A,500,netherlands
630,Booking.com,G,15  yrs,"Amsterdam, NH, Netherlands ","9,9 χιλ. | 3,3 χιλ. | 1,7 χιλ.",9.9,netherlands
631,WeTransfer,Senior,20  yrs,"Amsterdam, NH, Netherlands ",10 χιλ. | N/A | N/A,10,netherlands
632,Philips,CG70,15  yrs,"Eindhoven, NB, Netherlands ",10 χιλ. | N/A | N/A,10,netherlands
633,Qblox,L2,7  yrs,"Delft, ZH, Netherlands ","5,8 χιλ. | N/A | N/A",5.8,netherlands
634,ING,Software Engineer 2,3  yrs,"Amsterdam, NH, Netherlands ","4,3 χιλ. | N/A | 362,5",4.3,netherlands
635,ABN AMRO,L3,3  yrs,"Amsterdam, NH, Netherlands ","6,5 χιλ. | N/A | N/A",6.5,netherlands
636,Tu/e,-,4  yrs,"Eindhoven, NB, Netherlands ",4 χιλ. | N/A | N/A,4,netherlands
637,PGGM,Junior,5  yrs,"Zeist, UT, Netherlands ","4,8 χιλ. | N/A | N/A",4.8,netherlands
638,ServiceNow,IC3,12  yrs,"Amsterdam, NH, Netherlands ","7,5 χιλ. | 5,3 χιλ. | 829,2",7.5,netherlands
639,Booking.com,G,11  yrs,"Amsterdam, NH, Netherlands ","10 χιλ. | 3,3 χιλ. | 2 χιλ.",10,netherlands
640,HSO,Engineer,5  yrs,"Amsterdam, NH, Netherlands ","5,7 χιλ. | N/A | 833,3",5.7,netherlands
641,Booking.com,G,14  yrs,"Amsterdam, NH, Netherlands ","9,7 χιλ. | 3,3 χιλ. | 2,1 χιλ.",9.7,netherlands
642,Lunatech,Junior,0  yrs,"Rotterdam, ZH, Netherlands ","3,7 χιλ. | N/A | N/A",3.7,netherlands
643,Picnic,L3,5  yrs,"Amsterdam, NH, Netherlands ","5,9 χιλ. | N/A | N/A",5.9,netherlands
644,TomTom,Staff Software Engineer I,12  yrs,"Amsterdam, NH, Netherlands ","11,7 χιλ. | N/A | 1,1 χιλ.",11.7,netherlands
645,ABN AMRO,11,20  yrs,"Amsterdam, NH, Netherlands ","10,8 χιλ. | N/A | N/A",10.8,netherlands
646,TMNL,L5,15  yrs,"Amsterdam, NH, Netherlands ","11,7 χιλ. | N/A | N/A",11.7,netherlands
647,YoungCapital,Mid Level,4  yrs,"Hoofddorp, NH, Netherlands ","3,6 χιλ. | N/A | N/A",3.6,netherlands
