,Company,Level,Years of Experience,City,Total Compensation,Salary,country
0,Samsung,L3,3  yrs,"London, EN, United Kingdom ","14,9 χιλ. | N/A | 672,2",14.9,London Area
1,CrowdStrike,Senior Engineer I,15  yrs,"London, EN, United Kingdom ","11,5 χιλ. | 8,9 χιλ. | 1,6 χιλ.",11.5,London Area
2,Morgan Stanley,L3,1  yr,"London, EN, United Kingdom ","6,7 χιλ. | N/A | 667,9",6.7,London Area
3,Runway,L4,10  yrs,"London, EN, United Kingdom ","24,2 χιλ. | N/A | N/A",24.2,London Area
4,ClearBank,L3,3  yrs,"London, EN, United Kingdom ","5,3 χιλ. | N/A | 531,1",5.3,London Area
5,PlayStation,Senior Software Engineer,12  yrs,"London, EN, United Kingdom ","10,1 χιλ. | N/A | N/A",10.1,London Area
6,Cognizant,hidden,2-4  yrs,"London, EN, United Kingdom ","4,6 χιλ. | N/A | N/A",4.6,London Area
7,Checkout.com,Software Engineer I,4  yrs,"London, EN, United Kingdom ","5,9 χιλ. | N/A | N/A",5.9,London Area
8,Teya,L3,9  yrs,"London, EN, United Kingdom ","13,5 χιλ. | 4,3 χιλ. | 1,2 χιλ.",13.5,London Area
9,Samsung,L3,3  yrs,"London, EN, United Kingdom ","14,9 χιλ. | N/A | 672,2",14.9,London Area
10,CrowdStrike,Senior Engineer I,15  yrs,"London, EN, United Kingdom ","11,5 χιλ. | 8,9 χιλ. | 1,6 χιλ.",11.5,London Area
11,Morgan Stanley,L3,1  yr,"London, EN, United Kingdom ","6,7 χιλ. | N/A | 667,9",6.7,London Area
12,Runway,L4,10  yrs,"London, EN, United Kingdom ","24,2 χιλ. | N/A | N/A",24.2,London Area
13,ClearBank,L3,3  yrs,"London, EN, United Kingdom ","5,3 χιλ. | N/A | 531,1",5.3,London Area
14,PlayStation,Senior Software Engineer,12  yrs,"London, EN, United Kingdom ","10,1 χιλ. | N/A | N/A",10.1,London Area
15,Cognizant,hidden,2-4  yrs,"London, EN, United Kingdom ","4,6 χιλ. | N/A | N/A",4.6,London Area
16,Checkout.com,Software Engineer I,4  yrs,"London, EN, United Kingdom ","5,9 χιλ. | N/A | N/A",5.9,London Area
17,Teya,L3,9  yrs,"London, EN, United Kingdom ","13,5 χιλ. | 4,3 χιλ. | 1,2 χιλ.",13.5,London Area
18,Samsung,L3,3  yrs,"London, EN, United Kingdom ","14,9 χιλ. | N/A | 672,2",14.9,London Area
19,CrowdStrike,Senior Engineer I,15  yrs,"London, EN, United Kingdom ","11,5 χιλ. | 8,9 χιλ. | 1,6 χιλ.",11.5,London Area
20,Morgan Stanley,L3,1  yr,"London, EN, United Kingdom ","6,7 χιλ. | N/A | 667,9",6.7,London Area
21,Runway,L4,10  yrs,"London, EN, United Kingdom ","24,2 χιλ. | N/A | N/A",24.2,London Area
22,ClearBank,L3,3  yrs,"London, EN, United Kingdom ","5,3 χιλ. | N/A | 531,1",5.3,London Area
23,PlayStation,Senior Software Engineer,12  yrs,"London, EN, United Kingdom ","10,1 χιλ. | N/A | N/A",10.1,London Area
24,Cognizant,hidden,2-4  yrs,"London, EN, United Kingdom ","4,6 χιλ. | N/A | N/A",4.6,London Area
25,Checkout.com,Software Engineer I,4  yrs,"London, EN, United Kingdom ","5,9 χιλ. | N/A | N/A",5.9,London Area
26,Teya,L3,9  yrs,"London, EN, United Kingdom ","13,5 χιλ. | 4,3 χιλ. | 1,2 χιλ.",13.5,London Area
27,Samsung,L3,3  yrs,"London, EN, United Kingdom ","14,9 χιλ. | N/A | 672,2",14.9,London Area
28,CrowdStrike,Senior Engineer I,15  yrs,"London, EN, United Kingdom ","11,5 χιλ. | 8,9 χιλ. | 1,6 χιλ.",11.5,London Area
29,Morgan Stanley,L3,1  yr,"London, EN, United Kingdom ","6,7 χιλ. | N/A | 667,9",6.7,London Area
30,Runway,L4,10  yrs,"London, EN, United Kingdom ","24,2 χιλ. | N/A | N/A",24.2,London Area
31,ClearBank,L3,3  yrs,"London, EN, United Kingdom ","5,3 χιλ. | N/A | 531,1",5.3,London Area
32,PlayStation,Senior Software Engineer,12  yrs,"London, EN, United Kingdom ","10,1 χιλ. | N/A | N/A",10.1,London Area
33,Cognizant,hidden,2-4  yrs,"London, EN, United Kingdom ","4,6 χιλ. | N/A | N/A",4.6,London Area
34,Checkout.com,Software Engineer I,4  yrs,"London, EN, United Kingdom ","5,9 χιλ. | N/A | N/A",5.9,London Area
35,Teya,L3,9  yrs,"London, EN, United Kingdom ","13,5 χιλ. | 4,3 χιλ. | 1,2 χιλ.",13.5,London Area
36,Samsung,L3,3  yrs,"London, EN, United Kingdom ","14,9 χιλ. | N/A | 672,2",14.9,London Area
37,CrowdStrike,Senior Engineer I,15  yrs,"London, EN, United Kingdom ","11,5 χιλ. | 8,9 χιλ. | 1,6 χιλ.",11.5,London Area
38,Morgan Stanley,L3,1  yr,"London, EN, United Kingdom ","6,7 χιλ. | N/A | 667,9",6.7,London Area
39,Runway,L4,10  yrs,"London, EN, United Kingdom ","24,2 χιλ. | N/A | N/A",24.2,London Area
40,ClearBank,L3,3  yrs,"London, EN, United Kingdom ","5,3 χιλ. | N/A | 531,1",5.3,London Area
41,PlayStation,Senior Software Engineer,12  yrs,"London, EN, United Kingdom ","10,1 χιλ. | N/A | N/A",10.1,London Area
42,Cognizant,hidden,2-4  yrs,"London, EN, United Kingdom ","4,6 χιλ. | N/A | N/A",4.6,London Area
43,Checkout.com,Software Engineer I,4  yrs,"London, EN, United Kingdom ","5,9 χιλ. | N/A | N/A",5.9,London Area
44,Teya,L3,9  yrs,"London, EN, United Kingdom ","13,5 χιλ. | 4,3 χιλ. | 1,2 χιλ.",13.5,London Area
45,Samsung,L3,3  yrs,"London, EN, United Kingdom ","14,9 χιλ. | N/A | 672,2",14.9,London Area
46,CrowdStrike,Senior Engineer I,15  yrs,"London, EN, United Kingdom ","11,5 χιλ. | 8,9 χιλ. | 1,6 χιλ.",11.5,London Area
47,Morgan Stanley,L3,1  yr,"London, EN, United Kingdom ","6,7 χιλ. | N/A | 667,9",6.7,London Area
48,Runway,L4,10  yrs,"London, EN, United Kingdom ","24,2 χιλ. | N/A | N/A",24.2,London Area
49,ClearBank,L3,3  yrs,"London, EN, United Kingdom ","5,3 χιλ. | N/A | 531,1",5.3,London Area
50,PlayStation,Senior Software Engineer,12  yrs,"London, EN, United Kingdom ","10,1 χιλ. | N/A | N/A",10.1,London Area
51,Cognizant,hidden,2-4  yrs,"London, EN, United Kingdom ","4,6 χιλ. | N/A | N/A",4.6,London Area
52,Checkout.com,Software Engineer I,4  yrs,"London, EN, United Kingdom ","5,9 χιλ. | N/A | N/A",5.9,London Area
53,Teya,L3,9  yrs,"London, EN, United Kingdom ","13,5 χιλ. | 4,3 χιλ. | 1,2 χιλ.",13.5,London Area
54,Samsung,L3,3  yrs,"London, EN, United Kingdom ","14,9 χιλ. | N/A | 672,2",14.9,London Area
55,CrowdStrike,Senior Engineer I,15  yrs,"London, EN, United Kingdom ","11,5 χιλ. | 8,9 χιλ. | 1,6 χιλ.",11.5,London Area
56,Morgan Stanley,L3,1  yr,"London, EN, United Kingdom ","6,7 χιλ. | N/A | 667,9",6.7,London Area
57,Runway,L4,10  yrs,"London, EN, United Kingdom ","24,2 χιλ. | N/A | N/A",24.2,London Area
58,ClearBank,L3,3  yrs,"London, EN, United Kingdom ","5,3 χιλ. | N/A | 531,1",5.3,London Area
59,PlayStation,Senior Software Engineer,12  yrs,"London, EN, United Kingdom ","10,1 χιλ. | N/A | N/A",10.1,London Area
60,Cognizant,hidden,2-4  yrs,"London, EN, United Kingdom ","4,6 χιλ. | N/A | N/A",4.6,London Area
61,Checkout.com,Software Engineer I,4  yrs,"London, EN, United Kingdom ","5,9 χιλ. | N/A | N/A",5.9,London Area
62,Teya,L3,9  yrs,"London, EN, United Kingdom ","13,5 χιλ. | 4,3 χιλ. | 1,2 χιλ.",13.5,London Area
63,Samsung,L3,3  yrs,"London, EN, United Kingdom ","14,9 χιλ. | N/A | 672,2",14.9,London Area
64,CrowdStrike,Senior Engineer I,15  yrs,"London, EN, United Kingdom ","11,5 χιλ. | 8,9 χιλ. | 1,6 χιλ.",11.5,London Area
65,Morgan Stanley,L3,1  yr,"London, EN, United Kingdom ","6,7 χιλ. | N/A | 667,9",6.7,London Area
66,Runway,L4,10  yrs,"London, EN, United Kingdom ","24,2 χιλ. | N/A | N/A",24.2,London Area
67,ClearBank,L3,3  yrs,"London, EN, United Kingdom ","5,3 χιλ. | N/A | 531,1",5.3,London Area
68,PlayStation,Senior Software Engineer,12  yrs,"London, EN, United Kingdom ","10,1 χιλ. | N/A | N/A",10.1,London Area
69,Cognizant,hidden,2-4  yrs,"London, EN, United Kingdom ","4,6 χιλ. | N/A | N/A",4.6,London Area
70,Checkout.com,Software Engineer I,4  yrs,"London, EN, United Kingdom ","5,9 χιλ. | N/A | N/A",5.9,London Area
71,Teya,L3,9  yrs,"London, EN, United Kingdom ","13,5 χιλ. | 4,3 χιλ. | 1,2 χιλ.",13.5,London Area
72,Samsung,L3,3  yrs,"London, EN, United Kingdom ","14,9 χιλ. | N/A | 672,2",14.9,London Area
73,CrowdStrike,Senior Engineer I,15  yrs,"London, EN, United Kingdom ","11,5 χιλ. | 8,9 χιλ. | 1,6 χιλ.",11.5,London Area
74,Morgan Stanley,L3,1  yr,"London, EN, United Kingdom ","6,7 χιλ. | N/A | 667,9",6.7,London Area
75,Runway,L4,10  yrs,"London, EN, United Kingdom ","24,2 χιλ. | N/A | N/A",24.2,London Area
76,ClearBank,L3,3  yrs,"London, EN, United Kingdom ","5,3 χιλ. | N/A | 531,1",5.3,London Area
77,PlayStation,Senior Software Engineer,12  yrs,"London, EN, United Kingdom ","10,1 χιλ. | N/A | N/A",10.1,London Area
78,Cognizant,hidden,2-4  yrs,"London, EN, United Kingdom ","4,6 χιλ. | N/A | N/A",4.6,London Area
79,Checkout.com,Software Engineer I,4  yrs,"London, EN, United Kingdom ","5,9 χιλ. | N/A | N/A",5.9,London Area
80,Teya,L3,9  yrs,"London, EN, United Kingdom ","13,5 χιλ. | 4,3 χιλ. | 1,2 χιλ.",13.5,London Area
81,Samsung,L3,3  yrs,"London, EN, United Kingdom ","14,9 χιλ. | N/A | 672,2",14.9,London Area
82,CrowdStrike,Senior Engineer I,15  yrs,"London, EN, United Kingdom ","11,5 χιλ. | 8,9 χιλ. | 1,6 χιλ.",11.5,London Area
83,Morgan Stanley,L3,1  yr,"London, EN, United Kingdom ","6,7 χιλ. | N/A | 667,9",6.7,London Area
84,Runway,L4,10  yrs,"London, EN, United Kingdom ","24,2 χιλ. | N/A | N/A",24.2,London Area
85,ClearBank,L3,3  yrs,"London, EN, United Kingdom ","5,3 χιλ. | N/A | 531,1",5.3,London Area
86,PlayStation,Senior Software Engineer,12  yrs,"London, EN, United Kingdom ","10,1 χιλ. | N/A | N/A",10.1,London Area
87,Cognizant,hidden,2-4  yrs,"London, EN, United Kingdom ","4,6 χιλ. | N/A | N/A",4.6,London Area
88,Checkout.com,Software Engineer I,4  yrs,"London, EN, United Kingdom ","5,9 χιλ. | N/A | N/A",5.9,London Area
89,Teya,L3,9  yrs,"London, EN, United Kingdom ","13,5 χιλ. | 4,3 χιλ. | 1,2 χιλ.",13.5,London Area
90,Samsung,L3,3  yrs,"London, EN, United Kingdom ","14,9 χιλ. | N/A | 672,2",14.9,London Area
91,CrowdStrike,Senior Engineer I,15  yrs,"London, EN, United Kingdom ","11,5 χιλ. | 8,9 χιλ. | 1,6 χιλ.",11.5,London Area
92,Morgan Stanley,L3,1  yr,"London, EN, United Kingdom ","6,7 χιλ. | N/A | 667,9",6.7,London Area
93,Runway,L4,10  yrs,"London, EN, United Kingdom ","24,2 χιλ. | N/A | N/A",24.2,London Area
94,ClearBank,L3,3  yrs,"London, EN, United Kingdom ","5,3 χιλ. | N/A | 531,1",5.3,London Area
95,PlayStation,Senior Software Engineer,12  yrs,"London, EN, United Kingdom ","10,1 χιλ. | N/A | N/A",10.1,London Area
96,Cognizant,hidden,2-4  yrs,"London, EN, United Kingdom ","4,6 χιλ. | N/A | N/A",4.6,London Area
97,Checkout.com,Software Engineer I,4  yrs,"London, EN, United Kingdom ","5,9 χιλ. | N/A | N/A",5.9,London Area
98,Teya,L3,9  yrs,"London, EN, United Kingdom ","13,5 χιλ. | 4,3 χιλ. | 1,2 χιλ.",13.5,London Area
99,Samsung,L3,3  yrs,"London, EN, United Kingdom ","14,9 χιλ. | N/A | 672,2",14.9,London Area
100,CrowdStrike,Senior Engineer I,15  yrs,"London, EN, United Kingdom ","11,5 χιλ. | 8,9 χιλ. | 1,6 χιλ.",11.5,London Area
101,Morgan Stanley,L3,1  yr,"London, EN, United Kingdom ","6,7 χιλ. | N/A | 667,9",6.7,London Area
102,Runway,L4,10  yrs,"London, EN, United Kingdom ","24,2 χιλ. | N/A | N/A",24.2,London Area
103,ClearBank,L3,3  yrs,"London, EN, United Kingdom ","5,3 χιλ. | N/A | 531,1",5.3,London Area
104,PlayStation,Senior Software Engineer,12  yrs,"London, EN, United Kingdom ","10,1 χιλ. | N/A | N/A",10.1,London Area
105,Cognizant,hidden,2-4  yrs,"London, EN, United Kingdom ","4,6 χιλ. | N/A | N/A",4.6,London Area
106,Checkout.com,Software Engineer I,4  yrs,"London, EN, United Kingdom ","5,9 χιλ. | N/A | N/A",5.9,London Area
107,Teya,L3,9  yrs,"London, EN, United Kingdom ","13,5 χιλ. | 4,3 χιλ. | 1,2 χιλ.",13.5,London Area
108,Samsung,L3,3  yrs,"London, EN, United Kingdom ","14,9 χιλ. | N/A | 672,2",14.9,London Area
109,CrowdStrike,Senior Engineer I,15  yrs,"London, EN, United Kingdom ","11,5 χιλ. | 8,9 χιλ. | 1,6 χιλ.",11.5,London Area
110,Morgan Stanley,L3,1  yr,"London, EN, United Kingdom ","6,7 χιλ. | N/A | 667,9",6.7,London Area
111,Runway,L4,10  yrs,"London, EN, United Kingdom ","24,2 χιλ. | N/A | N/A",24.2,London Area
112,ClearBank,L3,3  yrs,"London, EN, United Kingdom ","5,3 χιλ. | N/A | 531,1",5.3,London Area
113,PlayStation,Senior Software Engineer,12  yrs,"London, EN, United Kingdom ","10,1 χιλ. | N/A | N/A",10.1,London Area
114,Cognizant,hidden,2-4  yrs,"London, EN, United Kingdom ","4,6 χιλ. | N/A | N/A",4.6,London Area
115,Checkout.com,Software Engineer I,4  yrs,"London, EN, United Kingdom ","5,9 χιλ. | N/A | N/A",5.9,London Area
116,Teya,L3,9  yrs,"London, EN, United Kingdom ","13,5 χιλ. | 4,3 χιλ. | 1,2 χιλ.",13.5,London Area
117,Samsung,L3,3  yrs,"London, EN, United Kingdom ","14,9 χιλ. | N/A | 672,2",14.9,London Area
118,CrowdStrike,Senior Engineer I,15  yrs,"London, EN, United Kingdom ","11,5 χιλ. | 8,9 χιλ. | 1,6 χιλ.",11.5,London Area
119,Morgan Stanley,L3,1  yr,"London, EN, United Kingdom ","6,7 χιλ. | N/A | 667,9",6.7,London Area
120,Runway,L4,10  yrs,"London, EN, United Kingdom ","24,2 χιλ. | N/A | N/A",24.2,London Area
121,ClearBank,L3,3  yrs,"London, EN, United Kingdom ","5,3 χιλ. | N/A | 531,1",5.3,London Area
122,PlayStation,Senior Software Engineer,12  yrs,"London, EN, United Kingdom ","10,1 χιλ. | N/A | N/A",10.1,London Area
123,Cognizant,hidden,2-4  yrs,"London, EN, United Kingdom ","4,6 χιλ. | N/A | N/A",4.6,London Area
124,Checkout.com,Software Engineer I,4  yrs,"London, EN, United Kingdom ","5,9 χιλ. | N/A | N/A",5.9,London Area
125,Teya,L3,9  yrs,"London, EN, United Kingdom ","13,5 χιλ. | 4,3 χιλ. | 1,2 χιλ.",13.5,London Area
126,Samsung,L3,3  yrs,"London, EN, United Kingdom ","14,9 χιλ. | N/A | 672,2",14.9,London Area
127,CrowdStrike,Senior Engineer I,15  yrs,"London, EN, United Kingdom ","11,5 χιλ. | 8,9 χιλ. | 1,6 χιλ.",11.5,London Area
128,Morgan Stanley,L3,1  yr,"London, EN, United Kingdom ","6,7 χιλ. | N/A | 667,9",6.7,London Area
129,Runway,L4,10  yrs,"London, EN, United Kingdom ","24,2 χιλ. | N/A | N/A",24.2,London Area
130,ClearBank,L3,3  yrs,"London, EN, United Kingdom ","5,3 χιλ. | N/A | 531,1",5.3,London Area
131,PlayStation,Senior Software Engineer,12  yrs,"London, EN, United Kingdom ","10,1 χιλ. | N/A | N/A",10.1,London Area
132,Cognizant,hidden,2-4  yrs,"London, EN, United Kingdom ","4,6 χιλ. | N/A | N/A",4.6,London Area
133,Checkout.com,Software Engineer I,4  yrs,"London, EN, United Kingdom ","5,9 χιλ. | N/A | N/A",5.9,London Area
134,Teya,L3,9  yrs,"London, EN, United Kingdom ","13,5 χιλ. | 4,3 χιλ. | 1,2 χιλ.",13.5,London Area
135,Samsung,L3,3  yrs,"London, EN, United Kingdom ","14,9 χιλ. | N/A | 672,2",14.9,London Area
136,CrowdStrike,Senior Engineer I,15  yrs,"London, EN, United Kingdom ","11,5 χιλ. | 8,9 χιλ. | 1,6 χιλ.",11.5,London Area
137,Morgan Stanley,L3,1  yr,"London, EN, United Kingdom ","6,7 χιλ. | N/A | 667,9",6.7,London Area
138,Runway,L4,10  yrs,"London, EN, United Kingdom ","24,2 χιλ. | N/A | N/A",24.2,London Area
139,ClearBank,L3,3  yrs,"London, EN, United Kingdom ","5,3 χιλ. | N/A | 531,1",5.3,London Area
140,PlayStation,Senior Software Engineer,12  yrs,"London, EN, United Kingdom ","10,1 χιλ. | N/A | N/A",10.1,London Area
141,Cognizant,hidden,2-4  yrs,"London, EN, United Kingdom ","4,6 χιλ. | N/A | N/A",4.6,London Area
142,Checkout.com,Software Engineer I,4  yrs,"London, EN, United Kingdom ","5,9 χιλ. | N/A | N/A",5.9,London Area
143,Teya,L3,9  yrs,"London, EN, United Kingdom ","13,5 χιλ. | 4,3 χιλ. | 1,2 χιλ.",13.5,London Area
144,Samsung,L3,3  yrs,"London, EN, United Kingdom ","14,9 χιλ. | N/A | 672,2",14.9,London Area
145,CrowdStrike,Senior Engineer I,15  yrs,"London, EN, United Kingdom ","11,5 χιλ. | 8,9 χιλ. | 1,6 χιλ.",11.5,London Area
146,Morgan Stanley,L3,1  yr,"London, EN, United Kingdom ","6,7 χιλ. | N/A | 667,9",6.7,London Area
147,Runway,L4,10  yrs,"London, EN, United Kingdom ","24,2 χιλ. | N/A | N/A",24.2,London Area
148,ClearBank,L3,3  yrs,"London, EN, United Kingdom ","5,3 χιλ. | N/A | 531,1",5.3,London Area
149,PlayStation,Senior Software Engineer,12  yrs,"London, EN, United Kingdom ","10,1 χιλ. | N/A | N/A",10.1,London Area
150,Cognizant,hidden,2-4  yrs,"London, EN, United Kingdom ","4,6 χιλ. | N/A | N/A",4.6,London Area
151,Checkout.com,Software Engineer I,4  yrs,"London, EN, United Kingdom ","5,9 χιλ. | N/A | N/A",5.9,London Area
152,Teya,L3,9  yrs,"London, EN, United Kingdom ","13,5 χιλ. | 4,3 χιλ. | 1,2 χιλ.",13.5,London Area
153,Samsung,L3,3  yrs,"London, EN, United Kingdom ","14,9 χιλ. | N/A | 672,2",14.9,London Area
154,CrowdStrike,Senior Engineer I,15  yrs,"London, EN, United Kingdom ","11,5 χιλ. | 8,9 χιλ. | 1,6 χιλ.",11.5,London Area
155,Morgan Stanley,L3,1  yr,"London, EN, United Kingdom ","6,7 χιλ. | N/A | 667,9",6.7,London Area
156,Runway,L4,10  yrs,"London, EN, United Kingdom ","24,2 χιλ. | N/A | N/A",24.2,London Area
157,ClearBank,L3,3  yrs,"London, EN, United Kingdom ","5,3 χιλ. | N/A | 531,1",5.3,London Area
158,PlayStation,Senior Software Engineer,12  yrs,"London, EN, United Kingdom ","10,1 χιλ. | N/A | N/A",10.1,London Area
159,Cognizant,hidden,2-4  yrs,"London, EN, United Kingdom ","4,6 χιλ. | N/A | N/A",4.6,London Area
160,Checkout.com,Software Engineer I,4  yrs,"London, EN, United Kingdom ","5,9 χιλ. | N/A | N/A",5.9,London Area
161,Teya,L3,9  yrs,"London, EN, United Kingdom ","13,5 χιλ. | 4,3 χιλ. | 1,2 χιλ.",13.5,London Area
162,Samsung,L3,3  yrs,"London, EN, United Kingdom ","14,9 χιλ. | N/A | 672,2",14.9,London Area
163,CrowdStrike,Senior Engineer I,15  yrs,"London, EN, United Kingdom ","11,5 χιλ. | 8,9 χιλ. | 1,6 χιλ.",11.5,London Area
164,Morgan Stanley,L3,1  yr,"London, EN, United Kingdom ","6,7 χιλ. | N/A | 667,9",6.7,London Area
165,Runway,L4,10  yrs,"London, EN, United Kingdom ","24,2 χιλ. | N/A | N/A",24.2,London Area
166,ClearBank,L3,3  yrs,"London, EN, United Kingdom ","5,3 χιλ. | N/A | 531,1",5.3,London Area
167,PlayStation,Senior Software Engineer,12  yrs,"London, EN, United Kingdom ","10,1 χιλ. | N/A | N/A",10.1,London Area
168,Cognizant,hidden,2-4  yrs,"London, EN, United Kingdom ","4,6 χιλ. | N/A | N/A",4.6,London Area
169,Checkout.com,Software Engineer I,4  yrs,"London, EN, United Kingdom ","5,9 χιλ. | N/A | N/A",5.9,London Area
170,Teya,L3,9  yrs,"London, EN, United Kingdom ","13,5 χιλ. | 4,3 χιλ. | 1,2 χιλ.",13.5,London Area
171,Samsung,L3,3  yrs,"London, EN, United Kingdom ","14,9 χιλ. | N/A | 672,2",14.9,London Area
172,CrowdStrike,Senior Engineer I,15  yrs,"London, EN, United Kingdom ","11,5 χιλ. | 8,9 χιλ. | 1,6 χιλ.",11.5,London Area
173,Morgan Stanley,L3,1  yr,"London, EN, United Kingdom ","6,7 χιλ. | N/A | 667,9",6.7,London Area
174,Runway,L4,10  yrs,"London, EN, United Kingdom ","24,2 χιλ. | N/A | N/A",24.2,London Area
175,ClearBank,L3,3  yrs,"London, EN, United Kingdom ","5,3 χιλ. | N/A | 531,1",5.3,London Area
176,PlayStation,Senior Software Engineer,12  yrs,"London, EN, United Kingdom ","10,1 χιλ. | N/A | N/A",10.1,London Area
177,Cognizant,hidden,2-4  yrs,"London, EN, United Kingdom ","4,6 χιλ. | N/A | N/A",4.6,London Area
178,Checkout.com,Software Engineer I,4  yrs,"London, EN, United Kingdom ","5,9 χιλ. | N/A | N/A",5.9,London Area
179,Teya,L3,9  yrs,"London, EN, United Kingdom ","13,5 χιλ. | 4,3 χιλ. | 1,2 χιλ.",13.5,London Area
180,Samsung,L3,3  yrs,"London, EN, United Kingdom ","14,9 χιλ. | N/A | 672,2",14.9,London Area
181,CrowdStrike,Senior Engineer I,15  yrs,"London, EN, United Kingdom ","11,5 χιλ. | 8,9 χιλ. | 1,6 χιλ.",11.5,London Area
182,Morgan Stanley,L3,1  yr,"London, EN, United Kingdom ","6,7 χιλ. | N/A | 667,9",6.7,London Area
183,Runway,L4,10  yrs,"London, EN, United Kingdom ","24,2 χιλ. | N/A | N/A",24.2,London Area
184,ClearBank,L3,3  yrs,"London, EN, United Kingdom ","5,3 χιλ. | N/A | 531,1",5.3,London Area
185,PlayStation,Senior Software Engineer,12  yrs,"London, EN, United Kingdom ","10,1 χιλ. | N/A | N/A",10.1,London Area
186,Cognizant,hidden,2-4  yrs,"London, EN, United Kingdom ","4,6 χιλ. | N/A | N/A",4.6,London Area
187,Checkout.com,Software Engineer I,4  yrs,"London, EN, United Kingdom ","5,9 χιλ. | N/A | N/A",5.9,London Area
188,Teya,L3,9  yrs,"London, EN, United Kingdom ","13,5 χιλ. | 4,3 χιλ. | 1,2 χιλ.",13.5,London Area
189,Samsung,L3,3  yrs,"London, EN, United Kingdom ","14,9 χιλ. | N/A | 672,2",14.9,London Area
190,CrowdStrike,Senior Engineer I,15  yrs,"London, EN, United Kingdom ","11,5 χιλ. | 8,9 χιλ. | 1,6 χιλ.",11.5,London Area
191,Morgan Stanley,L3,1  yr,"London, EN, United Kingdom ","6,7 χιλ. | N/A | 667,9",6.7,London Area
192,Runway,L4,10  yrs,"London, EN, United Kingdom ","24,2 χιλ. | N/A | N/A",24.2,London Area
193,ClearBank,L3,3  yrs,"London, EN, United Kingdom ","5,3 χιλ. | N/A | 531,1",5.3,London Area
194,PlayStation,Senior Software Engineer,12  yrs,"London, EN, United Kingdom ","10,1 χιλ. | N/A | N/A",10.1,London Area
195,Cognizant,hidden,2-4  yrs,"London, EN, United Kingdom ","4,6 χιλ. | N/A | N/A",4.6,London Area
196,Checkout.com,Software Engineer I,4  yrs,"London, EN, United Kingdom ","5,9 χιλ. | N/A | N/A",5.9,London Area
197,Teya,L3,9  yrs,"London, EN, United Kingdom ","13,5 χιλ. | 4,3 χιλ. | 1,2 χιλ.",13.5,London Area
198,Samsung,L3,3  yrs,"London, EN, United Kingdom ","14,9 χιλ. | N/A | 672,2",14.9,London Area
199,CrowdStrike,Senior Engineer I,15  yrs,"London, EN, United Kingdom ","11,5 χιλ. | 8,9 χιλ. | 1,6 χιλ.",11.5,London Area
200,Morgan Stanley,L3,1  yr,"London, EN, United Kingdom ","6,7 χιλ. | N/A | 667,9",6.7,London Area
201,Runway,L4,10  yrs,"London, EN, United Kingdom ","24,2 χιλ. | N/A | N/A",24.2,London Area
202,ClearBank,L3,3  yrs,"London, EN, United Kingdom ","5,3 χιλ. | N/A | 531,1",5.3,London Area
203,PlayStation,Senior Software Engineer,12  yrs,"London, EN, United Kingdom ","10,1 χιλ. | N/A | N/A",10.1,London Area
204,Cognizant,hidden,2-4  yrs,"London, EN, United Kingdom ","4,6 χιλ. | N/A | N/A",4.6,London Area
205,Checkout.com,Software Engineer I,4  yrs,"London, EN, United Kingdom ","5,9 χιλ. | N/A | N/A",5.9,London Area
206,Teya,L3,9  yrs,"London, EN, United Kingdom ","13,5 χιλ. | 4,3 χιλ. | 1,2 χιλ.",13.5,London Area
207,Samsung,L3,3  yrs,"London, EN, United Kingdom ","14,9 χιλ. | N/A | 672,2",14.9,London Area
208,CrowdStrike,Senior Engineer I,15  yrs,"London, EN, United Kingdom ","11,5 χιλ. | 8,9 χιλ. | 1,6 χιλ.",11.5,London Area
209,Morgan Stanley,L3,1  yr,"London, EN, United Kingdom ","6,7 χιλ. | N/A | 667,9",6.7,London Area
210,Runway,L4,10  yrs,"London, EN, United Kingdom ","24,2 χιλ. | N/A | N/A",24.2,London Area
211,ClearBank,L3,3  yrs,"London, EN, United Kingdom ","5,3 χιλ. | N/A | 531,1",5.3,London Area
212,PlayStation,Senior Software Engineer,12  yrs,"London, EN, United Kingdom ","10,1 χιλ. | N/A | N/A",10.1,London Area
213,Cognizant,hidden,2-4  yrs,"London, EN, United Kingdom ","4,6 χιλ. | N/A | N/A",4.6,London Area
214,Checkout.com,Software Engineer I,4  yrs,"London, EN, United Kingdom ","5,9 χιλ. | N/A | N/A",5.9,London Area
215,Teya,L3,9  yrs,"London, EN, United Kingdom ","13,5 χιλ. | 4,3 χιλ. | 1,2 χιλ.",13.5,London Area
216,Samsung,L3,3  yrs,"London, EN, United Kingdom ","14,9 χιλ. | N/A | 672,2",14.9,London Area
217,CrowdStrike,Senior Engineer I,15  yrs,"London, EN, United Kingdom ","11,5 χιλ. | 8,9 χιλ. | 1,6 χιλ.",11.5,London Area
218,Morgan Stanley,L3,1  yr,"London, EN, United Kingdom ","6,7 χιλ. | N/A | 667,9",6.7,London Area
219,Runway,L4,10  yrs,"London, EN, United Kingdom ","24,2 χιλ. | N/A | N/A",24.2,London Area
220,ClearBank,L3,3  yrs,"London, EN, United Kingdom ","5,3 χιλ. | N/A | 531,1",5.3,London Area
221,PlayStation,Senior Software Engineer,12  yrs,"London, EN, United Kingdom ","10,1 χιλ. | N/A | N/A",10.1,London Area
222,Cognizant,hidden,2-4  yrs,"London, EN, United Kingdom ","4,6 χιλ. | N/A | N/A",4.6,London Area
223,Checkout.com,Software Engineer I,4  yrs,"London, EN, United Kingdom ","5,9 χιλ. | N/A | N/A",5.9,London Area
224,Teya,L3,9  yrs,"London, EN, United Kingdom ","13,5 χιλ. | 4,3 χιλ. | 1,2 χιλ.",13.5,London Area
225,Samsung,L3,3  yrs,"London, EN, United Kingdom ","14,9 χιλ. | N/A | 672,2",14.9,London Area
226,CrowdStrike,Senior Engineer I,15  yrs,"London, EN, United Kingdom ","11,5 χιλ. | 8,9 χιλ. | 1,6 χιλ.",11.5,London Area
227,Morgan Stanley,L3,1  yr,"London, EN, United Kingdom ","6,7 χιλ. | N/A | 667,9",6.7,London Area
228,Runway,L4,10  yrs,"London, EN, United Kingdom ","24,2 χιλ. | N/A | N/A",24.2,London Area
229,ClearBank,L3,3  yrs,"London, EN, United Kingdom ","5,3 χιλ. | N/A | 531,1",5.3,London Area
230,PlayStation,Senior Software Engineer,12  yrs,"London, EN, United Kingdom ","10,1 χιλ. | N/A | N/A",10.1,London Area
231,Cognizant,hidden,2-4  yrs,"London, EN, United Kingdom ","4,6 χιλ. | N/A | N/A",4.6,London Area
232,Checkout.com,Software Engineer I,4  yrs,"London, EN, United Kingdom ","5,9 χιλ. | N/A | N/A",5.9,London Area
233,Teya,L3,9  yrs,"London, EN, United Kingdom ","13,5 χιλ. | 4,3 χιλ. | 1,2 χιλ.",13.5,London Area
234,Samsung,L3,3  yrs,"London, EN, United Kingdom ","14,9 χιλ. | N/A | 672,2",14.9,London Area
235,CrowdStrike,Senior Engineer I,15  yrs,"London, EN, United Kingdom ","11,5 χιλ. | 8,9 χιλ. | 1,6 χιλ.",11.5,London Area
236,Morgan Stanley,L3,1  yr,"London, EN, United Kingdom ","6,7 χιλ. | N/A | 667,9",6.7,London Area
237,Runway,L4,10  yrs,"London, EN, United Kingdom ","24,2 χιλ. | N/A | N/A",24.2,London Area
238,ClearBank,L3,3  yrs,"London, EN, United Kingdom ","5,3 χιλ. | N/A | 531,1",5.3,London Area
239,PlayStation,Senior Software Engineer,12  yrs,"London, EN, United Kingdom ","10,1 χιλ. | N/A | N/A",10.1,London Area
240,Cognizant,hidden,2-4  yrs,"London, EN, United Kingdom ","4,6 χιλ. | N/A | N/A",4.6,London Area
241,Checkout.com,Software Engineer I,4  yrs,"London, EN, United Kingdom ","5,9 χιλ. | N/A | N/A",5.9,London Area
242,Teya,L3,9  yrs,"London, EN, United Kingdom ","13,5 χιλ. | 4,3 χιλ. | 1,2 χιλ.",13.5,London Area
243,Samsung,L3,3  yrs,"London, EN, United Kingdom ","14,9 χιλ. | N/A | 672,2",14.9,London Area
244,CrowdStrike,Senior Engineer I,15  yrs,"London, EN, United Kingdom ","11,5 χιλ. | 8,9 χιλ. | 1,6 χιλ.",11.5,London Area
245,Morgan Stanley,L3,1  yr,"London, EN, United Kingdom ","6,7 χιλ. | N/A | 667,9",6.7,London Area
246,Runway,L4,10  yrs,"London, EN, United Kingdom ","24,2 χιλ. | N/A | N/A",24.2,London Area
247,ClearBank,L3,3  yrs,"London, EN, United Kingdom ","5,3 χιλ. | N/A | 531,1",5.3,London Area
248,PlayStation,Senior Software Engineer,12  yrs,"London, EN, United Kingdom ","10,1 χιλ. | N/A | N/A",10.1,London Area
249,Cognizant,hidden,2-4  yrs,"London, EN, United Kingdom ","4,6 χιλ. | N/A | N/A",4.6,London Area
250,Checkout.com,Software Engineer I,4  yrs,"London, EN, United Kingdom ","5,9 χιλ. | N/A | N/A",5.9,London Area
251,Teya,L3,9  yrs,"London, EN, United Kingdom ","13,5 χιλ. | 4,3 χιλ. | 1,2 χιλ.",13.5,London Area
252,Samsung,L3,3  yrs,"London, EN, United Kingdom ","14,9 χιλ. | N/A | 672,2",14.9,London Area
253,CrowdStrike,Senior Engineer I,15  yrs,"London, EN, United Kingdom ","11,5 χιλ. | 8,9 χιλ. | 1,6 χιλ.",11.5,London Area
254,Morgan Stanley,L3,1  yr,"London, EN, United Kingdom ","6,7 χιλ. | N/A | 667,9",6.7,London Area
255,Runway,L4,10  yrs,"London, EN, United Kingdom ","24,2 χιλ. | N/A | N/A",24.2,London Area
256,ClearBank,L3,3  yrs,"London, EN, United Kingdom ","5,3 χιλ. | N/A | 531,1",5.3,London Area
257,PlayStation,Senior Software Engineer,12  yrs,"London, EN, United Kingdom ","10,1 χιλ. | N/A | N/A",10.1,London Area
258,Cognizant,hidden,2-4  yrs,"London, EN, United Kingdom ","4,6 χιλ. | N/A | N/A",4.6,London Area
259,Checkout.com,Software Engineer I,4  yrs,"London, EN, United Kingdom ","5,9 χιλ. | N/A | N/A",5.9,London Area
260,Teya,L3,9  yrs,"London, EN, United Kingdom ","13,5 χιλ. | 4,3 χιλ. | 1,2 χιλ.",13.5,London Area
261,Samsung,L3,3  yrs,"London, EN, United Kingdom ","14,9 χιλ. | N/A | 672,2",14.9,London Area
262,CrowdStrike,Senior Engineer I,15  yrs,"London, EN, United Kingdom ","11,5 χιλ. | 8,9 χιλ. | 1,6 χιλ.",11.5,London Area
263,Morgan Stanley,L3,1  yr,"London, EN, United Kingdom ","6,7 χιλ. | N/A | 667,9",6.7,London Area
264,Runway,L4,10  yrs,"London, EN, United Kingdom ","24,2 χιλ. | N/A | N/A",24.2,London Area
265,ClearBank,L3,3  yrs,"London, EN, United Kingdom ","5,3 χιλ. | N/A | 531,1",5.3,London Area
266,PlayStation,Senior Software Engineer,12  yrs,"London, EN, United Kingdom ","10,1 χιλ. | N/A | N/A",10.1,London Area
267,Cognizant,hidden,2-4  yrs,"London, EN, United Kingdom ","4,6 χιλ. | N/A | N/A",4.6,London Area
268,Checkout.com,Software Engineer I,4  yrs,"London, EN, United Kingdom ","5,9 χιλ. | N/A | N/A",5.9,London Area
269,Teya,L3,9  yrs,"London, EN, United Kingdom ","13,5 χιλ. | 4,3 χιλ. | 1,2 χιλ.",13.5,London Area
270,Samsung,L3,3  yrs,"London, EN, United Kingdom ","14,9 χιλ. | N/A | 672,2",14.9,London Area
271,CrowdStrike,Senior Engineer I,15  yrs,"London, EN, United Kingdom ","11,5 χιλ. | 8,9 χιλ. | 1,6 χιλ.",11.5,London Area
272,Morgan Stanley,L3,1  yr,"London, EN, United Kingdom ","6,7 χιλ. | N/A | 667,9",6.7,London Area
273,Runway,L4,10  yrs,"London, EN, United Kingdom ","24,2 χιλ. | N/A | N/A",24.2,London Area
274,ClearBank,L3,3  yrs,"London, EN, United Kingdom ","5,3 χιλ. | N/A | 531,1",5.3,London Area
275,PlayStation,Senior Software Engineer,12  yrs,"London, EN, United Kingdom ","10,1 χιλ. | N/A | N/A",10.1,London Area
276,Cognizant,hidden,2-4  yrs,"London, EN, United Kingdom ","4,6 χιλ. | N/A | N/A",4.6,London Area
277,Checkout.com,Software Engineer I,4  yrs,"London, EN, United Kingdom ","5,9 χιλ. | N/A | N/A",5.9,London Area
278,Teya,L3,9  yrs,"London, EN, United Kingdom ","13,5 χιλ. | 4,3 χιλ. | 1,2 χιλ.",13.5,London Area
279,Samsung,L3,3  yrs,"London, EN, United Kingdom ","14,9 χιλ. | N/A | 672,2",14.9,London Area
280,CrowdStrike,Senior Engineer I,15  yrs,"London, EN, United Kingdom ","11,5 χιλ. | 8,9 χιλ. | 1,6 χιλ.",11.5,London Area
281,Morgan Stanley,L3,1  yr,"London, EN, United Kingdom ","6,7 χιλ. | N/A | 667,9",6.7,London Area
282,Runway,L4,10  yrs,"London, EN, United Kingdom ","24,2 χιλ. | N/A | N/A",24.2,London Area
283,ClearBank,L3,3  yrs,"London, EN, United Kingdom ","5,3 χιλ. | N/A | 531,1",5.3,London Area
284,PlayStation,Senior Software Engineer,12  yrs,"London, EN, United Kingdom ","10,1 χιλ. | N/A | N/A",10.1,London Area
285,Cognizant,hidden,2-4  yrs,"London, EN, United Kingdom ","4,6 χιλ. | N/A | N/A",4.6,London Area
286,Checkout.com,Software Engineer I,4  yrs,"London, EN, United Kingdom ","5,9 χιλ. | N/A | N/A",5.9,London Area
287,Teya,L3,9  yrs,"London, EN, United Kingdom ","13,5 χιλ. | 4,3 χιλ. | 1,2 χιλ.",13.5,London Area
288,Samsung,L3,3  yrs,"London, EN, United Kingdom ","14,9 χιλ. | N/A | 672,2",14.9,London Area
289,CrowdStrike,Senior Engineer I,15  yrs,"London, EN, United Kingdom ","11,5 χιλ. | 8,9 χιλ. | 1,6 χιλ.",11.5,London Area
290,Morgan Stanley,L3,1  yr,"London, EN, United Kingdom ","6,7 χιλ. | N/A | 667,9",6.7,London Area
291,Runway,L4,10  yrs,"London, EN, United Kingdom ","24,2 χιλ. | N/A | N/A",24.2,London Area
292,ClearBank,L3,3  yrs,"London, EN, United Kingdom ","5,3 χιλ. | N/A | 531,1",5.3,London Area
293,PlayStation,Senior Software Engineer,12  yrs,"London, EN, United Kingdom ","10,1 χιλ. | N/A | N/A",10.1,London Area
294,Cognizant,hidden,2-4  yrs,"London, EN, United Kingdom ","4,6 χιλ. | N/A | N/A",4.6,London Area
295,Checkout.com,Software Engineer I,4  yrs,"London, EN, United Kingdom ","5,9 χιλ. | N/A | N/A",5.9,London Area
296,Teya,L3,9  yrs,"London, EN, United Kingdom ","13,5 χιλ. | 4,3 χιλ. | 1,2 χιλ.",13.5,London Area
297,Samsung,L3,3  yrs,"London, EN, United Kingdom ","14,9 χιλ. | N/A | 672,2",14.9,London Area
298,CrowdStrike,Senior Engineer I,15  yrs,"London, EN, United Kingdom ","11,5 χιλ. | 8,9 χιλ. | 1,6 χιλ.",11.5,London Area
299,Morgan Stanley,L3,1  yr,"London, EN, United Kingdom ","6,7 χιλ. | N/A | 667,9",6.7,London Area
300,Runway,L4,10  yrs,"London, EN, United Kingdom ","24,2 χιλ. | N/A | N/A",24.2,London Area
301,ClearBank,L3,3  yrs,"London, EN, United Kingdom ","5,3 χιλ. | N/A | 531,1",5.3,London Area
302,PlayStation,Senior Software Engineer,12  yrs,"London, EN, United Kingdom ","10,1 χιλ. | N/A | N/A",10.1,London Area
303,Cognizant,hidden,2-4  yrs,"London, EN, United Kingdom ","4,6 χιλ. | N/A | N/A",4.6,London Area
304,Checkout.com,Software Engineer I,4  yrs,"London, EN, United Kingdom ","5,9 χιλ. | N/A | N/A",5.9,London Area
305,Teya,L3,9  yrs,"London, EN, United Kingdom ","13,5 χιλ. | 4,3 χιλ. | 1,2 χιλ.",13.5,London Area
306,Samsung,L3,3  yrs,"London, EN, United Kingdom ","14,9 χιλ. | N/A | 672,2",14.9,London Area
307,CrowdStrike,Senior Engineer I,15  yrs,"London, EN, United Kingdom ","11,5 χιλ. | 8,9 χιλ. | 1,6 χιλ.",11.5,London Area
308,Morgan Stanley,L3,1  yr,"London, EN, United Kingdom ","6,7 χιλ. | N/A | 667,9",6.7,London Area
309,Runway,L4,10  yrs,"London, EN, United Kingdom ","24,2 χιλ. | N/A | N/A",24.2,London Area
310,ClearBank,L3,3  yrs,"London, EN, United Kingdom ","5,3 χιλ. | N/A | 531,1",5.3,London Area
311,PlayStation,Senior Software Engineer,12  yrs,"London, EN, United Kingdom ","10,1 χιλ. | N/A | N/A",10.1,London Area
312,Cognizant,hidden,2-4  yrs,"London, EN, United Kingdom ","4,6 χιλ. | N/A | N/A",4.6,London Area
313,Checkout.com,Software Engineer I,4  yrs,"London, EN, United Kingdom ","5,9 χιλ. | N/A | N/A",5.9,London Area
314,Teya,L3,9  yrs,"London, EN, United Kingdom ","13,5 χιλ. | 4,3 χιλ. | 1,2 χιλ.",13.5,London Area
315,Samsung,L3,3  yrs,"London, EN, United Kingdom ","14,9 χιλ. | N/A | 672,2",14.9,London Area
316,CrowdStrike,Senior Engineer I,15  yrs,"London, EN, United Kingdom ","11,5 χιλ. | 8,9 χιλ. | 1,6 χιλ.",11.5,London Area
317,Morgan Stanley,L3,1  yr,"London, EN, United Kingdom ","6,7 χιλ. | N/A | 667,9",6.7,London Area
318,Runway,L4,10  yrs,"London, EN, United Kingdom ","24,2 χιλ. | N/A | N/A",24.2,London Area
319,ClearBank,L3,3  yrs,"London, EN, United Kingdom ","5,3 χιλ. | N/A | 531,1",5.3,London Area
320,PlayStation,Senior Software Engineer,12  yrs,"London, EN, United Kingdom ","10,1 χιλ. | N/A | N/A",10.1,London Area
321,Cognizant,hidden,2-4  yrs,"London, EN, United Kingdom ","4,6 χιλ. | N/A | N/A",4.6,London Area
322,Checkout.com,Software Engineer I,4  yrs,"London, EN, United Kingdom ","5,9 χιλ. | N/A | N/A",5.9,London Area
323,Teya,L3,9  yrs,"London, EN, United Kingdom ","13,5 χιλ. | 4,3 χιλ. | 1,2 χιλ.",13.5,London Area
324,Samsung,L3,3  yrs,"London, EN, United Kingdom ","14,9 χιλ. | N/A | 672,2",14.9,London Area
325,CrowdStrike,Senior Engineer I,15  yrs,"London, EN, United Kingdom ","11,5 χιλ. | 8,9 χιλ. | 1,6 χιλ.",11.5,London Area
326,Morgan Stanley,L3,1  yr,"London, EN, United Kingdom ","6,7 χιλ. | N/A | 667,9",6.7,London Area
327,Runway,L4,10  yrs,"London, EN, United Kingdom ","24,2 χιλ. | N/A | N/A",24.2,London Area
328,ClearBank,L3,3  yrs,"London, EN, United Kingdom ","5,3 χιλ. | N/A | 531,1",5.3,London Area
329,PlayStation,Senior Software Engineer,12  yrs,"London, EN, United Kingdom ","10,1 χιλ. | N/A | N/A",10.1,London Area
330,Cognizant,hidden,2-4  yrs,"London, EN, United Kingdom ","4,6 χιλ. | N/A | N/A",4.6,London Area
331,Checkout.com,Software Engineer I,4  yrs,"London, EN, United Kingdom ","5,9 χιλ. | N/A | N/A",5.9,London Area
332,Teya,L3,9  yrs,"London, EN, United Kingdom ","13,5 χιλ. | 4,3 χιλ. | 1,2 χιλ.",13.5,London Area
333,Samsung,L3,3  yrs,"London, EN, United Kingdom ","14,9 χιλ. | N/A | 672,2",14.9,London Area
334,CrowdStrike,Senior Engineer I,15  yrs,"London, EN, United Kingdom ","11,5 χιλ. | 8,9 χιλ. | 1,6 χιλ.",11.5,London Area
335,Morgan Stanley,L3,1  yr,"London, EN, United Kingdom ","6,7 χιλ. | N/A | 667,9",6.7,London Area
336,Runway,L4,10  yrs,"London, EN, United Kingdom ","24,2 χιλ. | N/A | N/A",24.2,London Area
337,ClearBank,L3,3  yrs,"London, EN, United Kingdom ","5,3 χιλ. | N/A | 531,1",5.3,London Area
338,PlayStation,Senior Software Engineer,12  yrs,"London, EN, United Kingdom ","10,1 χιλ. | N/A | N/A",10.1,London Area
339,Cognizant,hidden,2-4  yrs,"London, EN, United Kingdom ","4,6 χιλ. | N/A | N/A",4.6,London Area
340,Checkout.com,Software Engineer I,4  yrs,"London, EN, United Kingdom ","5,9 χιλ. | N/A | N/A",5.9,London Area
341,Teya,L3,9  yrs,"London, EN, United Kingdom ","13,5 χιλ. | 4,3 χιλ. | 1,2 χιλ.",13.5,London Area
342,Samsung,L3,3  yrs,"London, EN, United Kingdom ","14,9 χιλ. | N/A | 672,2",14.9,London Area
343,CrowdStrike,Senior Engineer I,15  yrs,"London, EN, United Kingdom ","11,5 χιλ. | 8,9 χιλ. | 1,6 χιλ.",11.5,London Area
344,Morgan Stanley,L3,1  yr,"London, EN, United Kingdom ","6,7 χιλ. | N/A | 667,9",6.7,London Area
345,Runway,L4,10  yrs,"London, EN, United Kingdom ","24,2 χιλ. | N/A | N/A",24.2,London Area
346,ClearBank,L3,3  yrs,"London, EN, United Kingdom ","5,3 χιλ. | N/A | 531,1",5.3,London Area
347,PlayStation,Senior Software Engineer,12  yrs,"London, EN, United Kingdom ","10,1 χιλ. | N/A | N/A",10.1,London Area
348,Cognizant,hidden,2-4  yrs,"London, EN, United Kingdom ","4,6 χιλ. | N/A | N/A",4.6,London Area
349,Checkout.com,Software Engineer I,4  yrs,"London, EN, United Kingdom ","5,9 χιλ. | N/A | N/A",5.9,London Area
350,Teya,L3,9  yrs,"London, EN, United Kingdom ","13,5 χιλ. | 4,3 χιλ. | 1,2 χιλ.",13.5,London Area
351,Samsung,L3,3  yrs,"London, EN, United Kingdom ","14,9 χιλ. | N/A | 672,2",14.9,London Area
352,CrowdStrike,Senior Engineer I,15  yrs,"London, EN, United Kingdom ","11,5 χιλ. | 8,9 χιλ. | 1,6 χιλ.",11.5,London Area
353,Morgan Stanley,L3,1  yr,"London, EN, United Kingdom ","6,7 χιλ. | N/A | 667,9",6.7,London Area
354,Runway,L4,10  yrs,"London, EN, United Kingdom ","24,2 χιλ. | N/A | N/A",24.2,London Area
355,ClearBank,L3,3  yrs,"London, EN, United Kingdom ","5,3 χιλ. | N/A | 531,1",5.3,London Area
356,PlayStation,Senior Software Engineer,12  yrs,"London, EN, United Kingdom ","10,1 χιλ. | N/A | N/A",10.1,London Area
357,Cognizant,hidden,2-4  yrs,"London, EN, United Kingdom ","4,6 χιλ. | N/A | N/A",4.6,London Area
358,Checkout.com,Software Engineer I,4  yrs,"London, EN, United Kingdom ","5,9 χιλ. | N/A | N/A",5.9,London Area
359,Teya,L3,9  yrs,"London, EN, United Kingdom ","13,5 χιλ. | 4,3 χιλ. | 1,2 χιλ.",13.5,London Area
360,Samsung,L3,3  yrs,"London, EN, United Kingdom ","14,9 χιλ. | N/A | 672,2",14.9,London Area
361,CrowdStrike,Senior Engineer I,15  yrs,"London, EN, United Kingdom ","11,5 χιλ. | 8,9 χιλ. | 1,6 χιλ.",11.5,London Area
362,Morgan Stanley,L3,1  yr,"London, EN, United Kingdom ","6,7 χιλ. | N/A | 667,9",6.7,London Area
363,Runway,L4,10  yrs,"London, EN, United Kingdom ","24,2 χιλ. | N/A | N/A",24.2,London Area
364,ClearBank,L3,3  yrs,"London, EN, United Kingdom ","5,3 χιλ. | N/A | 531,1",5.3,London Area
365,PlayStation,Senior Software Engineer,12  yrs,"London, EN, United Kingdom ","10,1 χιλ. | N/A | N/A",10.1,London Area
366,Cognizant,hidden,2-4  yrs,"London, EN, United Kingdom ","4,6 χιλ. | N/A | N/A",4.6,London Area
367,Checkout.com,Software Engineer I,4  yrs,"London, EN, United Kingdom ","5,9 χιλ. | N/A | N/A",5.9,London Area
368,Teya,L3,9  yrs,"London, EN, United Kingdom ","13,5 χιλ. | 4,3 χιλ. | 1,2 χιλ.",13.5,London Area
369,Samsung,L3,3  yrs,"London, EN, United Kingdom ","14,9 χιλ. | N/A | 672,2",14.9,London Area
370,CrowdStrike,Senior Engineer I,15  yrs,"London, EN, United Kingdom ","11,5 χιλ. | 8,9 χιλ. | 1,6 χιλ.",11.5,London Area
371,Morgan Stanley,L3,1  yr,"London, EN, United Kingdom ","6,7 χιλ. | N/A | 667,9",6.7,London Area
372,Runway,L4,10  yrs,"London, EN, United Kingdom ","24,2 χιλ. | N/A | N/A",24.2,London Area
373,ClearBank,L3,3  yrs,"London, EN, United Kingdom ","5,3 χιλ. | N/A | 531,1",5.3,London Area
374,PlayStation,Senior Software Engineer,12  yrs,"London, EN, United Kingdom ","10,1 χιλ. | N/A | N/A",10.1,London Area
375,Cognizant,hidden,2-4  yrs,"London, EN, United Kingdom ","4,6 χιλ. | N/A | N/A",4.6,London Area
376,Checkout.com,Software Engineer I,4  yrs,"London, EN, United Kingdom ","5,9 χιλ. | N/A | N/A",5.9,London Area
377,Teya,L3,9  yrs,"London, EN, United Kingdom ","13,5 χιλ. | 4,3 χιλ. | 1,2 χιλ.",13.5,London Area
378,Samsung,L3,3  yrs,"London, EN, United Kingdom ","14,9 χιλ. | N/A | 672,2",14.9,London Area
379,CrowdStrike,Senior Engineer I,15  yrs,"London, EN, United Kingdom ","11,5 χιλ. | 8,9 χιλ. | 1,6 χιλ.",11.5,London Area
380,Morgan Stanley,L3,1  yr,"London, EN, United Kingdom ","6,7 χιλ. | N/A | 667,9",6.7,London Area
381,Runway,L4,10  yrs,"London, EN, United Kingdom ","24,2 χιλ. | N/A | N/A",24.2,London Area
382,ClearBank,L3,3  yrs,"London, EN, United Kingdom ","5,3 χιλ. | N/A | 531,1",5.3,London Area
383,PlayStation,Senior Software Engineer,12  yrs,"London, EN, United Kingdom ","10,1 χιλ. | N/A | N/A",10.1,London Area
384,Cognizant,hidden,2-4  yrs,"London, EN, United Kingdom ","4,6 χιλ. | N/A | N/A",4.6,London Area
385,Checkout.com,Software Engineer I,4  yrs,"London, EN, United Kingdom ","5,9 χιλ. | N/A | N/A",5.9,London Area
386,Teya,L3,9  yrs,"London, EN, United Kingdom ","13,5 χιλ. | 4,3 χιλ. | 1,2 χιλ.",13.5,London Area
387,Samsung,L3,3  yrs,"London, EN, United Kingdom ","14,9 χιλ. | N/A | 672,2",14.9,London Area
388,CrowdStrike,Senior Engineer I,15  yrs,"London, EN, United Kingdom ","11,5 χιλ. | 8,9 χιλ. | 1,6 χιλ.",11.5,London Area
389,Morgan Stanley,L3,1  yr,"London, EN, United Kingdom ","6,7 χιλ. | N/A | 667,9",6.7,London Area
390,Runway,L4,10  yrs,"London, EN, United Kingdom ","24,2 χιλ. | N/A | N/A",24.2,London Area
391,ClearBank,L3,3  yrs,"London, EN, United Kingdom ","5,3 χιλ. | N/A | 531,1",5.3,London Area
392,PlayStation,Senior Software Engineer,12  yrs,"London, EN, United Kingdom ","10,1 χιλ. | N/A | N/A",10.1,London Area
393,Cognizant,hidden,2-4  yrs,"London, EN, United Kingdom ","4,6 χιλ. | N/A | N/A",4.6,London Area
394,Checkout.com,Software Engineer I,4  yrs,"London, EN, United Kingdom ","5,9 χιλ. | N/A | N/A",5.9,London Area
395,Teya,L3,9  yrs,"London, EN, United Kingdom ","13,5 χιλ. | 4,3 χιλ. | 1,2 χιλ.",13.5,London Area
396,Samsung,L3,3  yrs,"London, EN, United Kingdom ","14,9 χιλ. | N/A | 672,2",14.9,London Area
397,CrowdStrike,Senior Engineer I,15  yrs,"London, EN, United Kingdom ","11,5 χιλ. | 8,9 χιλ. | 1,6 χιλ.",11.5,London Area
398,Morgan Stanley,L3,1  yr,"London, EN, United Kingdom ","6,7 χιλ. | N/A | 667,9",6.7,London Area
399,Runway,L4,10  yrs,"London, EN, United Kingdom ","24,2 χιλ. | N/A | N/A",24.2,London Area
400,ClearBank,L3,3  yrs,"London, EN, United Kingdom ","5,3 χιλ. | N/A | 531,1",5.3,London Area
401,PlayStation,Senior Software Engineer,12  yrs,"London, EN, United Kingdom ","10,1 χιλ. | N/A | N/A",10.1,London Area
402,Cognizant,hidden,2-4  yrs,"London, EN, United Kingdom ","4,6 χιλ. | N/A | N/A",4.6,London Area
403,Checkout.com,Software Engineer I,4  yrs,"London, EN, United Kingdom ","5,9 χιλ. | N/A | N/A",5.9,London Area
404,Teya,L3,9  yrs,"London, EN, United Kingdom ","13,5 χιλ. | 4,3 χιλ. | 1,2 χιλ.",13.5,London Area
405,Samsung,L3,3  yrs,"London, EN, United Kingdom ","14,9 χιλ. | N/A | 672,2",14.9,London Area
406,CrowdStrike,Senior Engineer I,15  yrs,"London, EN, United Kingdom ","11,5 χιλ. | 8,9 χιλ. | 1,6 χιλ.",11.5,London Area
407,Morgan Stanley,L3,1  yr,"London, EN, United Kingdom ","6,7 χιλ. | N/A | 667,9",6.7,London Area
408,Runway,L4,10  yrs,"London, EN, United Kingdom ","24,2 χιλ. | N/A | N/A",24.2,London Area
409,ClearBank,L3,3  yrs,"London, EN, United Kingdom ","5,3 χιλ. | N/A | 531,1",5.3,London Area
410,PlayStation,Senior Software Engineer,12  yrs,"London, EN, United Kingdom ","10,1 χιλ. | N/A | N/A",10.1,London Area
411,Cognizant,hidden,2-4  yrs,"London, EN, United Kingdom ","4,6 χιλ. | N/A | N/A",4.6,London Area
412,Checkout.com,Software Engineer I,4  yrs,"London, EN, United Kingdom ","5,9 χιλ. | N/A | N/A",5.9,London Area
413,Teya,L3,9  yrs,"London, EN, United Kingdom ","13,5 χιλ. | 4,3 χιλ. | 1,2 χιλ.",13.5,London Area
414,Samsung,L3,3  yrs,"London, EN, United Kingdom ","14,9 χιλ. | N/A | 672,2",14.9,London Area
415,CrowdStrike,Senior Engineer I,15  yrs,"London, EN, United Kingdom ","11,5 χιλ. | 8,9 χιλ. | 1,6 χιλ.",11.5,London Area
416,Morgan Stanley,L3,1  yr,"London, EN, United Kingdom ","6,7 χιλ. | N/A | 667,9",6.7,London Area
417,Runway,L4,10  yrs,"London, EN, United Kingdom ","24,2 χιλ. | N/A | N/A",24.2,London Area
418,ClearBank,L3,3  yrs,"London, EN, United Kingdom ","5,3 χιλ. | N/A | 531,1",5.3,London Area
419,PlayStation,Senior Software Engineer,12  yrs,"London, EN, United Kingdom ","10,1 χιλ. | N/A | N/A",10.1,London Area
420,Cognizant,hidden,2-4  yrs,"London, EN, United Kingdom ","4,6 χιλ. | N/A | N/A",4.6,London Area
421,Checkout.com,Software Engineer I,4  yrs,"London, EN, United Kingdom ","5,9 χιλ. | N/A | N/A",5.9,London Area
422,Teya,L3,9  yrs,"London, EN, United Kingdom ","13,5 χιλ. | 4,3 χιλ. | 1,2 χιλ.",13.5,London Area
423,Samsung,L3,3  yrs,"London, EN, United Kingdom ","14,9 χιλ. | N/A | 672,2",14.9,London Area
424,CrowdStrike,Senior Engineer I,15  yrs,"London, EN, United Kingdom ","11,5 χιλ. | 8,9 χιλ. | 1,6 χιλ.",11.5,London Area
425,Morgan Stanley,L3,1  yr,"London, EN, United Kingdom ","6,7 χιλ. | N/A | 667,9",6.7,London Area
426,Runway,L4,10  yrs,"London, EN, United Kingdom ","24,2 χιλ. | N/A | N/A",24.2,London Area
427,ClearBank,L3,3  yrs,"London, EN, United Kingdom ","5,3 χιλ. | N/A | 531,1",5.3,London Area
428,PlayStation,Senior Software Engineer,12  yrs,"London, EN, United Kingdom ","10,1 χιλ. | N/A | N/A",10.1,London Area
429,Cognizant,hidden,2-4  yrs,"London, EN, United Kingdom ","4,6 χιλ. | N/A | N/A",4.6,London Area
430,Checkout.com,Software Engineer I,4  yrs,"London, EN, United Kingdom ","5,9 χιλ. | N/A | N/A",5.9,London Area
431,Teya,L3,9  yrs,"London, EN, United Kingdom ","13,5 χιλ. | 4,3 χιλ. | 1,2 χιλ.",13.5,London Area
432,Samsung,L3,3  yrs,"London, EN, United Kingdom ","14,9 χιλ. | N/A | 672,2",14.9,London Area
433,CrowdStrike,Senior Engineer I,15  yrs,"London, EN, United Kingdom ","11,5 χιλ. | 8,9 χιλ. | 1,6 χιλ.",11.5,London Area
434,Morgan Stanley,L3,1  yr,"London, EN, United Kingdom ","6,7 χιλ. | N/A | 667,9",6.7,London Area
435,Runway,L4,10  yrs,"London, EN, United Kingdom ","24,2 χιλ. | N/A | N/A",24.2,London Area
436,ClearBank,L3,3  yrs,"London, EN, United Kingdom ","5,3 χιλ. | N/A | 531,1",5.3,London Area
437,PlayStation,Senior Software Engineer,12  yrs,"London, EN, United Kingdom ","10,1 χιλ. | N/A | N/A",10.1,London Area
438,Cognizant,hidden,2-4  yrs,"London, EN, United Kingdom ","4,6 χιλ. | N/A | N/A",4.6,London Area
439,Checkout.com,Software Engineer I,4  yrs,"London, EN, United Kingdom ","5,9 χιλ. | N/A | N/A",5.9,London Area
440,Teya,L3,9  yrs,"London, EN, United Kingdom ","13,5 χιλ. | 4,3 χιλ. | 1,2 χιλ.",13.5,London Area
441,Samsung,L3,3  yrs,"London, EN, United Kingdom ","14,9 χιλ. | N/A | 672,2",14.9,London Area
442,CrowdStrike,Senior Engineer I,15  yrs,"London, EN, United Kingdom ","11,5 χιλ. | 8,9 χιλ. | 1,6 χιλ.",11.5,London Area
443,Morgan Stanley,L3,1  yr,"London, EN, United Kingdom ","6,7 χιλ. | N/A | 667,9",6.7,London Area
444,Runway,L4,10  yrs,"London, EN, United Kingdom ","24,2 χιλ. | N/A | N/A",24.2,London Area
445,ClearBank,L3,3  yrs,"London, EN, United Kingdom ","5,3 χιλ. | N/A | 531,1",5.3,London Area
446,PlayStation,Senior Software Engineer,12  yrs,"London, EN, United Kingdom ","10,1 χιλ. | N/A | N/A",10.1,London Area
447,Cognizant,hidden,2-4  yrs,"London, EN, United Kingdom ","4,6 χιλ. | N/A | N/A",4.6,London Area
448,Checkout.com,Software Engineer I,4  yrs,"London, EN, United Kingdom ","5,9 χιλ. | N/A | N/A",5.9,London Area
449,Teya,L3,9  yrs,"London, EN, United Kingdom ","13,5 χιλ. | 4,3 χιλ. | 1,2 χιλ.",13.5,London Area
450,Samsung,L3,3  yrs,"London, EN, United Kingdom ","14,9 χιλ. | N/A | 672,2",14.9,London Area
451,CrowdStrike,Senior Engineer I,15  yrs,"London, EN, United Kingdom ","11,5 χιλ. | 8,9 χιλ. | 1,6 χιλ.",11.5,London Area
452,Morgan Stanley,L3,1  yr,"London, EN, United Kingdom ","6,7 χιλ. | N/A | 667,9",6.7,London Area
453,Runway,L4,10  yrs,"London, EN, United Kingdom ","24,2 χιλ. | N/A | N/A",24.2,London Area
454,ClearBank,L3,3  yrs,"London, EN, United Kingdom ","5,3 χιλ. | N/A | 531,1",5.3,London Area
455,PlayStation,Senior Software Engineer,12  yrs,"London, EN, United Kingdom ","10,1 χιλ. | N/A | N/A",10.1,London Area
456,Cognizant,hidden,2-4  yrs,"London, EN, United Kingdom ","4,6 χιλ. | N/A | N/A",4.6,London Area
457,Checkout.com,Software Engineer I,4  yrs,"London, EN, United Kingdom ","5,9 χιλ. | N/A | N/A",5.9,London Area
458,Teya,L3,9  yrs,"London, EN, United Kingdom ","13,5 χιλ. | 4,3 χιλ. | 1,2 χιλ.",13.5,London Area
459,Samsung,L3,3  yrs,"London, EN, United Kingdom ","14,9 χιλ. | N/A | 672,2",14.9,London Area
460,CrowdStrike,Senior Engineer I,15  yrs,"London, EN, United Kingdom ","11,5 χιλ. | 8,9 χιλ. | 1,6 χιλ.",11.5,London Area
461,Morgan Stanley,L3,1  yr,"London, EN, United Kingdom ","6,7 χιλ. | N/A | 667,9",6.7,London Area
462,Runway,L4,10  yrs,"London, EN, United Kingdom ","24,2 χιλ. | N/A | N/A",24.2,London Area
463,ClearBank,L3,3  yrs,"London, EN, United Kingdom ","5,3 χιλ. | N/A | 531,1",5.3,London Area
464,PlayStation,Senior Software Engineer,12  yrs,"London, EN, United Kingdom ","10,1 χιλ. | N/A | N/A",10.1,London Area
465,Cognizant,hidden,2-4  yrs,"London, EN, United Kingdom ","4,6 χιλ. | N/A | N/A",4.6,London Area
466,Checkout.com,Software Engineer I,4  yrs,"London, EN, United Kingdom ","5,9 χιλ. | N/A | N/A",5.9,London Area
467,Teya,L3,9  yrs,"London, EN, United Kingdom ","13,5 χιλ. | 4,3 χιλ. | 1,2 χιλ.",13.5,London Area
468,Samsung,L3,3  yrs,"London, EN, United Kingdom ","14,9 χιλ. | N/A | 672,2",14.9,London Area
469,CrowdStrike,Senior Engineer I,15  yrs,"London, EN, United Kingdom ","11,5 χιλ. | 8,9 χιλ. | 1,6 χιλ.",11.5,London Area
470,Morgan Stanley,L3,1  yr,"London, EN, United Kingdom ","6,7 χιλ. | N/A | 667,9",6.7,London Area
471,Runway,L4,10  yrs,"London, EN, United Kingdom ","24,2 χιλ. | N/A | N/A",24.2,London Area
472,ClearBank,L3,3  yrs,"London, EN, United Kingdom ","5,3 χιλ. | N/A | 531,1",5.3,London Area
473,PlayStation,Senior Software Engineer,12  yrs,"London, EN, United Kingdom ","10,1 χιλ. | N/A | N/A",10.1,London Area
474,Cognizant,hidden,2-4  yrs,"London, EN, United Kingdom ","4,6 χιλ. | N/A | N/A",4.6,London Area
475,Checkout.com,Software Engineer I,4  yrs,"London, EN, United Kingdom ","5,9 χιλ. | N/A | N/A",5.9,London Area
476,Teya,L3,9  yrs,"London, EN, United Kingdom ","13,5 χιλ. | 4,3 χιλ. | 1,2 χιλ.",13.5,London Area
477,Samsung,L3,3  yrs,"London, EN, United Kingdom ","14,9 χιλ. | N/A | 672,2",14.9,London Area
478,CrowdStrike,Senior Engineer I,15  yrs,"London, EN, United Kingdom ","11,5 χιλ. | 8,9 χιλ. | 1,6 χιλ.",11.5,London Area
479,Morgan Stanley,L3,1  yr,"London, EN, United Kingdom ","6,7 χιλ. | N/A | 667,9",6.7,London Area
480,Runway,L4,10  yrs,"London, EN, United Kingdom ","24,2 χιλ. | N/A | N/A",24.2,London Area
481,ClearBank,L3,3  yrs,"London, EN, United Kingdom ","5,3 χιλ. | N/A | 531,1",5.3,London Area
482,PlayStation,Senior Software Engineer,12  yrs,"London, EN, United Kingdom ","10,1 χιλ. | N/A | N/A",10.1,London Area
483,Cognizant,hidden,2-4  yrs,"London, EN, United Kingdom ","4,6 χιλ. | N/A | N/A",4.6,London Area
484,Checkout.com,Software Engineer I,4  yrs,"London, EN, United Kingdom ","5,9 χιλ. | N/A | N/A",5.9,London Area
485,Teya,L3,9  yrs,"London, EN, United Kingdom ","13,5 χιλ. | 4,3 χιλ. | 1,2 χιλ.",13.5,London Area
486,Samsung,L3,3  yrs,"London, EN, United Kingdom ","14,9 χιλ. | N/A | 672,2",14.9,London Area
487,CrowdStrike,Senior Engineer I,15  yrs,"London, EN, United Kingdom ","11,5 χιλ. | 8,9 χιλ. | 1,6 χιλ.",11.5,London Area
488,Morgan Stanley,L3,1  yr,"London, EN, United Kingdom ","6,7 χιλ. | N/A | 667,9",6.7,London Area
489,Runway,L4,10  yrs,"London, EN, United Kingdom ","24,2 χιλ. | N/A | N/A",24.2,London Area
490,ClearBank,L3,3  yrs,"London, EN, United Kingdom ","5,3 χιλ. | N/A | 531,1",5.3,London Area
491,PlayStation,Senior Software Engineer,12  yrs,"London, EN, United Kingdom ","10,1 χιλ. | N/A | N/A",10.1,London Area
492,Cognizant,hidden,2-4  yrs,"London, EN, United Kingdom ","4,6 χιλ. | N/A | N/A",4.6,London Area
493,Checkout.com,Software Engineer I,4  yrs,"London, EN, United Kingdom ","5,9 χιλ. | N/A | N/A",5.9,London Area
494,Teya,L3,9  yrs,"London, EN, United Kingdom ","13,5 χιλ. | 4,3 χιλ. | 1,2 χιλ.",13.5,London Area
495,Samsung,L3,3  yrs,"London, EN, United Kingdom ","14,9 χιλ. | N/A | 672,2",14.9,London Area
496,CrowdStrike,Senior Engineer I,15  yrs,"London, EN, United Kingdom ","11,5 χιλ. | 8,9 χιλ. | 1,6 χιλ.",11.5,London Area
497,Morgan Stanley,L3,1  yr,"London, EN, United Kingdom ","6,7 χιλ. | N/A | 667,9",6.7,London Area
498,Runway,L4,10  yrs,"London, EN, United Kingdom ","24,2 χιλ. | N/A | N/A",24.2,London Area
499,ClearBank,L3,3  yrs,"London, EN, United Kingdom ","5,3 χιλ. | N/A | 531,1",5.3,London Area
500,PlayStation,Senior Software Engineer,12  yrs,"London, EN, United Kingdom ","10,1 χιλ. | N/A | N/A",10.1,London Area
501,Cognizant,hidden,2-4  yrs,"London, EN, United Kingdom ","4,6 χιλ. | N/A | N/A",4.6,London Area
502,Checkout.com,Software Engineer I,4  yrs,"London, EN, United Kingdom ","5,9 χιλ. | N/A | N/A",5.9,London Area
503,Teya,L3,9  yrs,"London, EN, United Kingdom ","13,5 χιλ. | 4,3 χιλ. | 1,2 χιλ.",13.5,London Area
504,Samsung,L3,3  yrs,"London, EN, United Kingdom ","14,9 χιλ. | N/A | 672,2",14.9,London Area
505,CrowdStrike,Senior Engineer I,15  yrs,"London, EN, United Kingdom ","11,5 χιλ. | 8,9 χιλ. | 1,6 χιλ.",11.5,London Area
506,Morgan Stanley,L3,1  yr,"London, EN, United Kingdom ","6,7 χιλ. | N/A | 667,9",6.7,London Area
507,Runway,L4,10  yrs,"London, EN, United Kingdom ","24,2 χιλ. | N/A | N/A",24.2,London Area
508,ClearBank,L3,3  yrs,"London, EN, United Kingdom ","5,3 χιλ. | N/A | 531,1",5.3,London Area
509,PlayStation,Senior Software Engineer,12  yrs,"London, EN, United Kingdom ","10,1 χιλ. | N/A | N/A",10.1,London Area
510,Cognizant,hidden,2-4  yrs,"London, EN, United Kingdom ","4,6 χιλ. | N/A | N/A",4.6,London Area
511,Checkout.com,Software Engineer I,4  yrs,"London, EN, United Kingdom ","5,9 χιλ. | N/A | N/A",5.9,London Area
512,Teya,L3,9  yrs,"London, EN, United Kingdom ","13,5 χιλ. | 4,3 χιλ. | 1,2 χιλ.",13.5,London Area
513,Samsung,L3,3  yrs,"London, EN, United Kingdom ","14,9 χιλ. | N/A | 672,2",14.9,London Area
514,CrowdStrike,Senior Engineer I,15  yrs,"London, EN, United Kingdom ","11,5 χιλ. | 8,9 χιλ. | 1,6 χιλ.",11.5,London Area
515,Morgan Stanley,L3,1  yr,"London, EN, United Kingdom ","6,7 χιλ. | N/A | 667,9",6.7,London Area
516,Runway,L4,10  yrs,"London, EN, United Kingdom ","24,2 χιλ. | N/A | N/A",24.2,London Area
517,ClearBank,L3,3  yrs,"London, EN, United Kingdom ","5,3 χιλ. | N/A | 531,1",5.3,London Area
518,PlayStation,Senior Software Engineer,12  yrs,"London, EN, United Kingdom ","10,1 χιλ. | N/A | N/A",10.1,London Area
519,Cognizant,hidden,2-4  yrs,"London, EN, United Kingdom ","4,6 χιλ. | N/A | N/A",4.6,London Area
520,Checkout.com,Software Engineer I,4  yrs,"London, EN, United Kingdom ","5,9 χιλ. | N/A | N/A",5.9,London Area
521,Teya,L3,9  yrs,"London, EN, United Kingdom ","13,5 χιλ. | 4,3 χιλ. | 1,2 χιλ.",13.5,London Area
522,Samsung,L3,3  yrs,"London, EN, United Kingdom ","14,9 χιλ. | N/A | 672,2",14.9,London Area
523,CrowdStrike,Senior Engineer I,15  yrs,"London, EN, United Kingdom ","11,5 χιλ. | 8,9 χιλ. | 1,6 χιλ.",11.5,London Area
524,Morgan Stanley,L3,1  yr,"London, EN, United Kingdom ","6,7 χιλ. | N/A | 667,9",6.7,London Area
525,Runway,L4,10  yrs,"London, EN, United Kingdom ","24,2 χιλ. | N/A | N/A",24.2,London Area
526,ClearBank,L3,3  yrs,"London, EN, United Kingdom ","5,3 χιλ. | N/A | 531,1",5.3,London Area
527,PlayStation,Senior Software Engineer,12  yrs,"London, EN, United Kingdom ","10,1 χιλ. | N/A | N/A",10.1,London Area
528,Cognizant,hidden,2-4  yrs,"London, EN, United Kingdom ","4,6 χιλ. | N/A | N/A",4.6,London Area
529,Checkout.com,Software Engineer I,4  yrs,"London, EN, United Kingdom ","5,9 χιλ. | N/A | N/A",5.9,London Area
530,Teya,L3,9  yrs,"London, EN, United Kingdom ","13,5 χιλ. | 4,3 χιλ. | 1,2 χιλ.",13.5,London Area
531,Samsung,L3,3  yrs,"London, EN, United Kingdom ","14,9 χιλ. | N/A | 672,2",14.9,London Area
532,CrowdStrike,Senior Engineer I,15  yrs,"London, EN, United Kingdom ","11,5 χιλ. | 8,9 χιλ. | 1,6 χιλ.",11.5,London Area
533,Morgan Stanley,L3,1  yr,"London, EN, United Kingdom ","6,7 χιλ. | N/A | 667,9",6.7,London Area
534,Runway,L4,10  yrs,"London, EN, United Kingdom ","24,2 χιλ. | N/A | N/A",24.2,London Area
535,ClearBank,L3,3  yrs,"London, EN, United Kingdom ","5,3 χιλ. | N/A | 531,1",5.3,London Area
536,PlayStation,Senior Software Engineer,12  yrs,"London, EN, United Kingdom ","10,1 χιλ. | N/A | N/A",10.1,London Area
537,Cognizant,hidden,2-4  yrs,"London, EN, United Kingdom ","4,6 χιλ. | N/A | N/A",4.6,London Area
538,Checkout.com,Software Engineer I,4  yrs,"London, EN, United Kingdom ","5,9 χιλ. | N/A | N/A",5.9,London Area
539,Teya,L3,9  yrs,"London, EN, United Kingdom ","13,5 χιλ. | 4,3 χιλ. | 1,2 χιλ.",13.5,London Area
540,Samsung,L3,3  yrs,"London, EN, United Kingdom ","14,9 χιλ. | N/A | 672,2",14.9,London Area
541,CrowdStrike,Senior Engineer I,15  yrs,"London, EN, United Kingdom ","11,5 χιλ. | 8,9 χιλ. | 1,6 χιλ.",11.5,London Area
542,Morgan Stanley,L3,1  yr,"London, EN, United Kingdom ","6,7 χιλ. | N/A | 667,9",6.7,London Area
543,Runway,L4,10  yrs,"London, EN, United Kingdom ","24,2 χιλ. | N/A | N/A",24.2,London Area
544,ClearBank,L3,3  yrs,"London, EN, United Kingdom ","5,3 χιλ. | N/A | 531,1",5.3,London Area
545,PlayStation,Senior Software Engineer,12  yrs,"London, EN, United Kingdom ","10,1 χιλ. | N/A | N/A",10.1,London Area
546,Cognizant,hidden,2-4  yrs,"London, EN, United Kingdom ","4,6 χιλ. | N/A | N/A",4.6,London Area
547,Checkout.com,Software Engineer I,4  yrs,"London, EN, United Kingdom ","5,9 χιλ. | N/A | N/A",5.9,London Area
548,Teya,L3,9  yrs,"London, EN, United Kingdom ","13,5 χιλ. | 4,3 χιλ. | 1,2 χιλ.",13.5,London Area
549,Samsung,L3,3  yrs,"London, EN, United Kingdom ","14,9 χιλ. | N/A | 672,2",14.9,London Area
550,CrowdStrike,Senior Engineer I,15  yrs,"London, EN, United Kingdom ","11,5 χιλ. | 8,9 χιλ. | 1,6 χιλ.",11.5,London Area
551,Morgan Stanley,L3,1  yr,"London, EN, United Kingdom ","6,7 χιλ. | N/A | 667,9",6.7,London Area
552,Runway,L4,10  yrs,"London, EN, United Kingdom ","24,2 χιλ. | N/A | N/A",24.2,London Area
553,ClearBank,L3,3  yrs,"London, EN, United Kingdom ","5,3 χιλ. | N/A | 531,1",5.3,London Area
554,PlayStation,Senior Software Engineer,12  yrs,"London, EN, United Kingdom ","10,1 χιλ. | N/A | N/A",10.1,London Area
555,Cognizant,hidden,2-4  yrs,"London, EN, United Kingdom ","4,6 χιλ. | N/A | N/A",4.6,London Area
556,Checkout.com,Software Engineer I,4  yrs,"London, EN, United Kingdom ","5,9 χιλ. | N/A | N/A",5.9,London Area
557,Teya,L3,9  yrs,"London, EN, United Kingdom ","13,5 χιλ. | 4,3 χιλ. | 1,2 χιλ.",13.5,London Area
558,Samsung,L3,3  yrs,"London, EN, United Kingdom ","14,9 χιλ. | N/A | 672,2",14.9,London Area
559,CrowdStrike,Senior Engineer I,15  yrs,"London, EN, United Kingdom ","11,5 χιλ. | 8,9 χιλ. | 1,6 χιλ.",11.5,London Area
560,Morgan Stanley,L3,1  yr,"London, EN, United Kingdom ","6,7 χιλ. | N/A | 667,9",6.7,London Area
561,Runway,L4,10  yrs,"London, EN, United Kingdom ","24,2 χιλ. | N/A | N/A",24.2,London Area
562,ClearBank,L3,3  yrs,"London, EN, United Kingdom ","5,3 χιλ. | N/A | 531,1",5.3,London Area
563,PlayStation,Senior Software Engineer,12  yrs,"London, EN, United Kingdom ","10,1 χιλ. | N/A | N/A",10.1,London Area
564,Cognizant,hidden,2-4  yrs,"London, EN, United Kingdom ","4,6 χιλ. | N/A | N/A",4.6,London Area
565,Checkout.com,Software Engineer I,4  yrs,"London, EN, United Kingdom ","5,9 χιλ. | N/A | N/A",5.9,London Area
566,Teya,L3,9  yrs,"London, EN, United Kingdom ","13,5 χιλ. | 4,3 χιλ. | 1,2 χιλ.",13.5,London Area
567,Samsung,L3,3  yrs,"London, EN, United Kingdom ","14,9 χιλ. | N/A | 672,2",14.9,London Area
568,CrowdStrike,Senior Engineer I,15  yrs,"London, EN, United Kingdom ","11,5 χιλ. | 8,9 χιλ. | 1,6 χιλ.",11.5,London Area
569,Morgan Stanley,L3,1  yr,"London, EN, United Kingdom ","6,7 χιλ. | N/A | 667,9",6.7,London Area
570,Runway,L4,10  yrs,"London, EN, United Kingdom ","24,2 χιλ. | N/A | N/A",24.2,London Area
571,ClearBank,L3,3  yrs,"London, EN, United Kingdom ","5,3 χιλ. | N/A | 531,1",5.3,London Area
572,PlayStation,Senior Software Engineer,12  yrs,"London, EN, United Kingdom ","10,1 χιλ. | N/A | N/A",10.1,London Area
573,Cognizant,hidden,2-4  yrs,"London, EN, United Kingdom ","4,6 χιλ. | N/A | N/A",4.6,London Area
574,Checkout.com,Software Engineer I,4  yrs,"London, EN, United Kingdom ","5,9 χιλ. | N/A | N/A",5.9,London Area
575,Teya,L3,9  yrs,"London, EN, United Kingdom ","13,5 χιλ. | 4,3 χιλ. | 1,2 χιλ.",13.5,London Area
576,Samsung,L3,3  yrs,"London, EN, United Kingdom ","14,9 χιλ. | N/A | 672,2",14.9,London Area
577,CrowdStrike,Senior Engineer I,15  yrs,"London, EN, United Kingdom ","11,5 χιλ. | 8,9 χιλ. | 1,6 χιλ.",11.5,London Area
578,Morgan Stanley,L3,1  yr,"London, EN, United Kingdom ","6,7 χιλ. | N/A | 667,9",6.7,London Area
579,Runway,L4,10  yrs,"London, EN, United Kingdom ","24,2 χιλ. | N/A | N/A",24.2,London Area
580,ClearBank,L3,3  yrs,"London, EN, United Kingdom ","5,3 χιλ. | N/A | 531,1",5.3,London Area
581,PlayStation,Senior Software Engineer,12  yrs,"London, EN, United Kingdom ","10,1 χιλ. | N/A | N/A",10.1,London Area
582,Cognizant,hidden,2-4  yrs,"London, EN, United Kingdom ","4,6 χιλ. | N/A | N/A",4.6,London Area
583,Checkout.com,Software Engineer I,4  yrs,"London, EN, United Kingdom ","5,9 χιλ. | N/A | N/A",5.9,London Area
584,Teya,L3,9  yrs,"London, EN, United Kingdom ","13,5 χιλ. | 4,3 χιλ. | 1,2 χιλ.",13.5,London Area
585,Samsung,L3,3  yrs,"London, EN, United Kingdom ","14,9 χιλ. | N/A | 672,2",14.9,London Area
586,CrowdStrike,Senior Engineer I,15  yrs,"London, EN, United Kingdom ","11,5 χιλ. | 8,9 χιλ. | 1,6 χιλ.",11.5,London Area
587,Morgan Stanley,L3,1  yr,"London, EN, United Kingdom ","6,7 χιλ. | N/A | 667,9",6.7,London Area
588,Runway,L4,10  yrs,"London, EN, United Kingdom ","24,2 χιλ. | N/A | N/A",24.2,London Area
589,ClearBank,L3,3  yrs,"London, EN, United Kingdom ","5,3 χιλ. | N/A | 531,1",5.3,London Area
590,PlayStation,Senior Software Engineer,12  yrs,"London, EN, United Kingdom ","10,1 χιλ. | N/A | N/A",10.1,London Area
591,Cognizant,hidden,2-4  yrs,"London, EN, United Kingdom ","4,6 χιλ. | N/A | N/A",4.6,London Area
592,Checkout.com,Software Engineer I,4  yrs,"London, EN, United Kingdom ","5,9 χιλ. | N/A | N/A",5.9,London Area
593,Teya,L3,9  yrs,"London, EN, United Kingdom ","13,5 χιλ. | 4,3 χιλ. | 1,2 χιλ.",13.5,London Area
594,Samsung,L3,3  yrs,"London, EN, United Kingdom ","14,9 χιλ. | N/A | 672,2",14.9,London Area
595,CrowdStrike,Senior Engineer I,15  yrs,"London, EN, United Kingdom ","11,5 χιλ. | 8,9 χιλ. | 1,6 χιλ.",11.5,London Area
596,Morgan Stanley,L3,1  yr,"London, EN, United Kingdom ","6,7 χιλ. | N/A | 667,9",6.7,London Area
597,Runway,L4,10  yrs,"London, EN, United Kingdom ","24,2 χιλ. | N/A | N/A",24.2,London Area
598,ClearBank,L3,3  yrs,"London, EN, United Kingdom ","5,3 χιλ. | N/A | 531,1",5.3,London Area
599,PlayStation,Senior Software Engineer,12  yrs,"London, EN, United Kingdom ","10,1 χιλ. | N/A | N/A",10.1,London Area
600,Cognizant,hidden,2-4  yrs,"London, EN, United Kingdom ","4,6 χιλ. | N/A | N/A",4.6,London Area
601,Checkout.com,Software Engineer I,4  yrs,"London, EN, United Kingdom ","5,9 χιλ. | N/A | N/A",5.9,London Area
602,Teya,L3,9  yrs,"London, EN, United Kingdom ","13,5 χιλ. | 4,3 χιλ. | 1,2 χιλ.",13.5,London Area
603,Samsung,L3,3  yrs,"London, EN, United Kingdom ","14,9 χιλ. | N/A | 672,2",14.9,London Area
604,CrowdStrike,Senior Engineer I,15  yrs,"London, EN, United Kingdom ","11,5 χιλ. | 8,9 χιλ. | 1,6 χιλ.",11.5,London Area
605,Morgan Stanley,L3,1  yr,"London, EN, United Kingdom ","6,7 χιλ. | N/A | 667,9",6.7,London Area
606,Runway,L4,10  yrs,"London, EN, United Kingdom ","24,2 χιλ. | N/A | N/A",24.2,London Area
607,ClearBank,L3,3  yrs,"London, EN, United Kingdom ","5,3 χιλ. | N/A | 531,1",5.3,London Area
608,PlayStation,Senior Software Engineer,12  yrs,"London, EN, United Kingdom ","10,1 χιλ. | N/A | N/A",10.1,London Area
609,Cognizant,hidden,2-4  yrs,"London, EN, United Kingdom ","4,6 χιλ. | N/A | N/A",4.6,London Area
610,Checkout.com,Software Engineer I,4  yrs,"London, EN, United Kingdom ","5,9 χιλ. | N/A | N/A",5.9,London Area
611,Teya,L3,9  yrs,"London, EN, United Kingdom ","13,5 χιλ. | 4,3 χιλ. | 1,2 χιλ.",13.5,London Area
612,Samsung,L3,3  yrs,"London, EN, United Kingdom ","14,9 χιλ. | N/A | 672,2",14.9,London Area
613,CrowdStrike,Senior Engineer I,15  yrs,"London, EN, United Kingdom ","11,5 χιλ. | 8,9 χιλ. | 1,6 χιλ.",11.5,London Area
614,Morgan Stanley,L3,1  yr,"London, EN, United Kingdom ","6,7 χιλ. | N/A | 667,9",6.7,London Area
615,Runway,L4,10  yrs,"London, EN, United Kingdom ","24,2 χιλ. | N/A | N/A",24.2,London Area
616,ClearBank,L3,3  yrs,"London, EN, United Kingdom ","5,3 χιλ. | N/A | 531,1",5.3,London Area
617,PlayStation,Senior Software Engineer,12  yrs,"London, EN, United Kingdom ","10,1 χιλ. | N/A | N/A",10.1,London Area
618,Cognizant,hidden,2-4  yrs,"London, EN, United Kingdom ","4,6 χιλ. | N/A | N/A",4.6,London Area
619,Checkout.com,Software Engineer I,4  yrs,"London, EN, United Kingdom ","5,9 χιλ. | N/A | N/A",5.9,London Area
620,Teya,L3,9  yrs,"London, EN, United Kingdom ","13,5 χιλ. | 4,3 χιλ. | 1,2 χιλ.",13.5,London Area
621,Samsung,L3,3  yrs,"London, EN, United Kingdom ","14,9 χιλ. | N/A | 672,2",14.9,London Area
622,CrowdStrike,Senior Engineer I,15  yrs,"London, EN, United Kingdom ","11,5 χιλ. | 8,9 χιλ. | 1,6 χιλ.",11.5,London Area
623,Morgan Stanley,L3,1  yr,"London, EN, United Kingdom ","6,7 χιλ. | N/A | 667,9",6.7,London Area
624,Runway,L4,10  yrs,"London, EN, United Kingdom ","24,2 χιλ. | N/A | N/A",24.2,London Area
625,ClearBank,L3,3  yrs,"London, EN, United Kingdom ","5,3 χιλ. | N/A | 531,1",5.3,London Area
626,PlayStation,Senior Software Engineer,12  yrs,"London, EN, United Kingdom ","10,1 χιλ. | N/A | N/A",10.1,London Area
627,Cognizant,hidden,2-4  yrs,"London, EN, United Kingdom ","4,6 χιλ. | N/A | N/A",4.6,London Area
628,Checkout.com,Software Engineer I,4  yrs,"London, EN, United Kingdom ","5,9 χιλ. | N/A | N/A",5.9,London Area
629,Teya,L3,9  yrs,"London, EN, United Kingdom ","13,5 χιλ. | 4,3 χιλ. | 1,2 χιλ.",13.5,London Area
630,Samsung,L3,3  yrs,"London, EN, United Kingdom ","14,9 χιλ. | N/A | 672,2",14.9,London Area
631,CrowdStrike,Senior Engineer I,15  yrs,"London, EN, United Kingdom ","11,5 χιλ. | 8,9 χιλ. | 1,6 χιλ.",11.5,London Area
632,Morgan Stanley,L3,1  yr,"London, EN, United Kingdom ","6,7 χιλ. | N/A | 667,9",6.7,London Area
633,Runway,L4,10  yrs,"London, EN, United Kingdom ","24,2 χιλ. | N/A | N/A",24.2,London Area
634,ClearBank,L3,3  yrs,"London, EN, United Kingdom ","5,3 χιλ. | N/A | 531,1",5.3,London Area
635,PlayStation,Senior Software Engineer,12  yrs,"London, EN, United Kingdom ","10,1 χιλ. | N/A | N/A",10.1,London Area
636,Cognizant,hidden,2-4  yrs,"London, EN, United Kingdom ","4,6 χιλ. | N/A | N/A",4.6,London Area
637,Checkout.com,Software Engineer I,4  yrs,"London, EN, United Kingdom ","5,9 χιλ. | N/A | N/A",5.9,London Area
638,Teya,L3,9  yrs,"London, EN, United Kingdom ","13,5 χιλ. | 4,3 χιλ. | 1,2 χιλ.",13.5,London Area
639,Samsung,L3,3  yrs,"London, EN, United Kingdom ","14,9 χιλ. | N/A | 672,2",14.9,London Area
640,CrowdStrike,Senior Engineer I,15  yrs,"London, EN, United Kingdom ","11,5 χιλ. | 8,9 χιλ. | 1,6 χιλ.",11.5,London Area
641,Morgan Stanley,L3,1  yr,"London, EN, United Kingdom ","6,7 χιλ. | N/A | 667,9",6.7,London Area
642,Runway,L4,10  yrs,"London, EN, United Kingdom ","24,2 χιλ. | N/A | N/A",24.2,London Area
643,ClearBank,L3,3  yrs,"London, EN, United Kingdom ","5,3 χιλ. | N/A | 531,1",5.3,London Area
644,PlayStation,Senior Software Engineer,12  yrs,"London, EN, United Kingdom ","10,1 χιλ. | N/A | N/A",10.1,London Area
645,Cognizant,hidden,2-4  yrs,"London, EN, United Kingdom ","4,6 χιλ. | N/A | N/A",4.6,London Area
646,Checkout.com,Software Engineer I,4  yrs,"London, EN, United Kingdom ","5,9 χιλ. | N/A | N/A",5.9,London Area
647,Teya,L3,9  yrs,"London, EN, United Kingdom ","13,5 χιλ. | 4,3 χιλ. | 1,2 χιλ.",13.5,London Area
648,Samsung,L3,3  yrs,"London, EN, United Kingdom ","14,9 χιλ. | N/A | 672,2",14.9,London Area
649,CrowdStrike,Senior Engineer I,15  yrs,"London, EN, United Kingdom ","11,5 χιλ. | 8,9 χιλ. | 1,6 χιλ.",11.5,London Area
650,Morgan Stanley,L3,1  yr,"London, EN, United Kingdom ","6,7 χιλ. | N/A | 667,9",6.7,London Area
651,Runway,L4,10  yrs,"London, EN, United Kingdom ","24,2 χιλ. | N/A | N/A",24.2,London Area
652,ClearBank,L3,3  yrs,"London, EN, United Kingdom ","5,3 χιλ. | N/A | 531,1",5.3,London Area
653,PlayStation,Senior Software Engineer,12  yrs,"London, EN, United Kingdom ","10,1 χιλ. | N/A | N/A",10.1,London Area
654,Cognizant,hidden,2-4  yrs,"London, EN, United Kingdom ","4,6 χιλ. | N/A | N/A",4.6,London Area
655,Checkout.com,Software Engineer I,4  yrs,"London, EN, United Kingdom ","5,9 χιλ. | N/A | N/A",5.9,London Area
656,Teya,L3,9  yrs,"London, EN, United Kingdom ","13,5 χιλ. | 4,3 χιλ. | 1,2 χιλ.",13.5,London Area
657,Samsung,L3,3  yrs,"London, EN, United Kingdom ","14,9 χιλ. | N/A | 672,2",14.9,London Area
658,CrowdStrike,Senior Engineer I,15  yrs,"London, EN, United Kingdom ","11,5 χιλ. | 8,9 χιλ. | 1,6 χιλ.",11.5,London Area
659,Morgan Stanley,L3,1  yr,"London, EN, United Kingdom ","6,7 χιλ. | N/A | 667,9",6.7,London Area
660,Runway,L4,10  yrs,"London, EN, United Kingdom ","24,2 χιλ. | N/A | N/A",24.2,London Area
661,ClearBank,L3,3  yrs,"London, EN, United Kingdom ","5,3 χιλ. | N/A | 531,1",5.3,London Area
662,PlayStation,Senior Software Engineer,12  yrs,"London, EN, United Kingdom ","10,1 χιλ. | N/A | N/A",10.1,London Area
663,Cognizant,hidden,2-4  yrs,"London, EN, United Kingdom ","4,6 χιλ. | N/A | N/A",4.6,London Area
664,Checkout.com,Software Engineer I,4  yrs,"London, EN, United Kingdom ","5,9 χιλ. | N/A | N/A",5.9,London Area
665,Teya,L3,9  yrs,"London, EN, United Kingdom ","13,5 χιλ. | 4,3 χιλ. | 1,2 χιλ.",13.5,London Area
666,Samsung,L3,3  yrs,"London, EN, United Kingdom ","14,9 χιλ. | N/A | 672,2",14.9,London Area
667,CrowdStrike,Senior Engineer I,15  yrs,"London, EN, United Kingdom ","11,5 χιλ. | 8,9 χιλ. | 1,6 χιλ.",11.5,London Area
668,Morgan Stanley,L3,1  yr,"London, EN, United Kingdom ","6,7 χιλ. | N/A | 667,9",6.7,London Area
669,Runway,L4,10  yrs,"London, EN, United Kingdom ","24,2 χιλ. | N/A | N/A",24.2,London Area
670,ClearBank,L3,3  yrs,"London, EN, United Kingdom ","5,3 χιλ. | N/A | 531,1",5.3,London Area
671,PlayStation,Senior Software Engineer,12  yrs,"London, EN, United Kingdom ","10,1 χιλ. | N/A | N/A",10.1,London Area
672,Cognizant,hidden,2-4  yrs,"London, EN, United Kingdom ","4,6 χιλ. | N/A | N/A",4.6,London Area
673,Checkout.com,Software Engineer I,4  yrs,"London, EN, United Kingdom ","5,9 χιλ. | N/A | N/A",5.9,London Area
674,Teya,L3,9  yrs,"London, EN, United Kingdom ","13,5 χιλ. | 4,3 χιλ. | 1,2 χιλ.",13.5,London Area
675,Samsung,L3,3  yrs,"London, EN, United Kingdom ","14,9 χιλ. | N/A | 672,2",14.9,London Area
676,CrowdStrike,Senior Engineer I,15  yrs,"London, EN, United Kingdom ","11,5 χιλ. | 8,9 χιλ. | 1,6 χιλ.",11.5,London Area
677,Morgan Stanley,L3,1  yr,"London, EN, United Kingdom ","6,7 χιλ. | N/A | 667,9",6.7,London Area
678,Runway,L4,10  yrs,"London, EN, United Kingdom ","24,2 χιλ. | N/A | N/A",24.2,London Area
679,ClearBank,L3,3  yrs,"London, EN, United Kingdom ","5,3 χιλ. | N/A | 531,1",5.3,London Area
680,PlayStation,Senior Software Engineer,12  yrs,"London, EN, United Kingdom ","10,1 χιλ. | N/A | N/A",10.1,London Area
681,Cognizant,hidden,2-4  yrs,"London, EN, United Kingdom ","4,6 χιλ. | N/A | N/A",4.6,London Area
682,Checkout.com,Software Engineer I,4  yrs,"London, EN, United Kingdom ","5,9 χιλ. | N/A | N/A",5.9,London Area
683,Teya,L3,9  yrs,"London, EN, United Kingdom ","13,5 χιλ. | 4,3 χιλ. | 1,2 χιλ.",13.5,London Area
684,Samsung,L3,3  yrs,"London, EN, United Kingdom ","14,9 χιλ. | N/A | 672,2",14.9,London Area
685,CrowdStrike,Senior Engineer I,15  yrs,"London, EN, United Kingdom ","11,5 χιλ. | 8,9 χιλ. | 1,6 χιλ.",11.5,London Area
686,Morgan Stanley,L3,1  yr,"London, EN, United Kingdom ","6,7 χιλ. | N/A | 667,9",6.7,London Area
687,Runway,L4,10  yrs,"London, EN, United Kingdom ","24,2 χιλ. | N/A | N/A",24.2,London Area
688,ClearBank,L3,3  yrs,"London, EN, United Kingdom ","5,3 χιλ. | N/A | 531,1",5.3,London Area
689,PlayStation,Senior Software Engineer,12  yrs,"London, EN, United Kingdom ","10,1 χιλ. | N/A | N/A",10.1,London Area
690,Cognizant,hidden,2-4  yrs,"London, EN, United Kingdom ","4,6 χιλ. | N/A | N/A",4.6,London Area
691,Checkout.com,Software Engineer I,4  yrs,"London, EN, United Kingdom ","5,9 χιλ. | N/A | N/A",5.9,London Area
692,Teya,L3,9  yrs,"London, EN, United Kingdom ","13,5 χιλ. | 4,3 χιλ. | 1,2 χιλ.",13.5,London Area
693,Samsung,L3,3  yrs,"London, EN, United Kingdom ","14,9 χιλ. | N/A | 672,2",14.9,London Area
694,CrowdStrike,Senior Engineer I,15  yrs,"London, EN, United Kingdom ","11,5 χιλ. | 8,9 χιλ. | 1,6 χιλ.",11.5,London Area
695,Morgan Stanley,L3,1  yr,"London, EN, United Kingdom ","6,7 χιλ. | N/A | 667,9",6.7,London Area
696,Runway,L4,10  yrs,"London, EN, United Kingdom ","24,2 χιλ. | N/A | N/A",24.2,London Area
697,ClearBank,L3,3  yrs,"London, EN, United Kingdom ","5,3 χιλ. | N/A | 531,1",5.3,London Area
698,PlayStation,Senior Software Engineer,12  yrs,"London, EN, United Kingdom ","10,1 χιλ. | N/A | N/A",10.1,London Area
699,Cognizant,hidden,2-4  yrs,"London, EN, United Kingdom ","4,6 χιλ. | N/A | N/A",4.6,London Area
700,Checkout.com,Software Engineer I,4  yrs,"London, EN, United Kingdom ","5,9 χιλ. | N/A | N/A",5.9,London Area
701,Teya,L3,9  yrs,"London, EN, United Kingdom ","13,5 χιλ. | 4,3 χιλ. | 1,2 χιλ.",13.5,London Area
702,Samsung,L3,3  yrs,"London, EN, United Kingdom ","14,9 χιλ. | N/A | 672,2",14.9,London Area
703,CrowdStrike,Senior Engineer I,15  yrs,"London, EN, United Kingdom ","11,5 χιλ. | 8,9 χιλ. | 1,6 χιλ.",11.5,London Area
704,Morgan Stanley,L3,1  yr,"London, EN, United Kingdom ","6,7 χιλ. | N/A | 667,9",6.7,London Area
705,Runway,L4,10  yrs,"London, EN, United Kingdom ","24,2 χιλ. | N/A | N/A",24.2,London Area
706,ClearBank,L3,3  yrs,"London, EN, United Kingdom ","5,3 χιλ. | N/A | 531,1",5.3,London Area
707,PlayStation,Senior Software Engineer,12  yrs,"London, EN, United Kingdom ","10,1 χιλ. | N/A | N/A",10.1,London Area
708,Cognizant,hidden,2-4  yrs,"London, EN, United Kingdom ","4,6 χιλ. | N/A | N/A",4.6,London Area
709,Checkout.com,Software Engineer I,4  yrs,"London, EN, United Kingdom ","5,9 χιλ. | N/A | N/A",5.9,London Area
710,Teya,L3,9  yrs,"London, EN, United Kingdom ","13,5 χιλ. | 4,3 χιλ. | 1,2 χιλ.",13.5,London Area
711,Samsung,L3,3  yrs,"London, EN, United Kingdom ","14,9 χιλ. | N/A | 672,2",14.9,London Area
712,CrowdStrike,Senior Engineer I,15  yrs,"London, EN, United Kingdom ","11,5 χιλ. | 8,9 χιλ. | 1,6 χιλ.",11.5,London Area
713,Morgan Stanley,L3,1  yr,"London, EN, United Kingdom ","6,7 χιλ. | N/A | 667,9",6.7,London Area
714,Runway,L4,10  yrs,"London, EN, United Kingdom ","24,2 χιλ. | N/A | N/A",24.2,London Area
715,ClearBank,L3,3  yrs,"London, EN, United Kingdom ","5,3 χιλ. | N/A | 531,1",5.3,London Area
716,PlayStation,Senior Software Engineer,12  yrs,"London, EN, United Kingdom ","10,1 χιλ. | N/A | N/A",10.1,London Area
717,Cognizant,hidden,2-4  yrs,"London, EN, United Kingdom ","4,6 χιλ. | N/A | N/A",4.6,London Area
718,Checkout.com,Software Engineer I,4  yrs,"London, EN, United Kingdom ","5,9 χιλ. | N/A | N/A",5.9,London Area
719,Teya,L3,9  yrs,"London, EN, United Kingdom ","13,5 χιλ. | 4,3 χιλ. | 1,2 χιλ.",13.5,London Area
720,Samsung,L3,3  yrs,"London, EN, United Kingdom ","14,9 χιλ. | N/A | 672,2",14.9,London Area
721,CrowdStrike,Senior Engineer I,15  yrs,"London, EN, United Kingdom ","11,5 χιλ. | 8,9 χιλ. | 1,6 χιλ.",11.5,London Area
722,Morgan Stanley,L3,1  yr,"London, EN, United Kingdom ","6,7 χιλ. | N/A | 667,9",6.7,London Area
723,Runway,L4,10  yrs,"London, EN, United Kingdom ","24,2 χιλ. | N/A | N/A",24.2,London Area
724,ClearBank,L3,3  yrs,"London, EN, United Kingdom ","5,3 χιλ. | N/A | 531,1",5.3,London Area
725,PlayStation,Senior Software Engineer,12  yrs,"London, EN, United Kingdom ","10,1 χιλ. | N/A | N/A",10.1,London Area
726,Cognizant,hidden,2-4  yrs,"London, EN, United Kingdom ","4,6 χιλ. | N/A | N/A",4.6,London Area
727,Checkout.com,Software Engineer I,4  yrs,"London, EN, United Kingdom ","5,9 χιλ. | N/A | N/A",5.9,London Area
728,Teya,L3,9  yrs,"London, EN, United Kingdom ","13,5 χιλ. | 4,3 χιλ. | 1,2 χιλ.",13.5,London Area
729,Samsung,L3,3  yrs,"London, EN, United Kingdom ","14,9 χιλ. | N/A | 672,2",14.9,London Area
730,CrowdStrike,Senior Engineer I,15  yrs,"London, EN, United Kingdom ","11,5 χιλ. | 8,9 χιλ. | 1,6 χιλ.",11.5,London Area
731,Morgan Stanley,L3,1  yr,"London, EN, United Kingdom ","6,7 χιλ. | N/A | 667,9",6.7,London Area
732,Runway,L4,10  yrs,"London, EN, United Kingdom ","24,2 χιλ. | N/A | N/A",24.2,London Area
733,ClearBank,L3,3  yrs,"London, EN, United Kingdom ","5,3 χιλ. | N/A | 531,1",5.3,London Area
734,PlayStation,Senior Software Engineer,12  yrs,"London, EN, United Kingdom ","10,1 χιλ. | N/A | N/A",10.1,London Area
735,Cognizant,hidden,2-4  yrs,"London, EN, United Kingdom ","4,6 χιλ. | N/A | N/A",4.6,London Area
736,Checkout.com,Software Engineer I,4  yrs,"London, EN, United Kingdom ","5,9 χιλ. | N/A | N/A",5.9,London Area
737,Teya,L3,9  yrs,"London, EN, United Kingdom ","13,5 χιλ. | 4,3 χιλ. | 1,2 χιλ.",13.5,London Area
738,Samsung,L3,3  yrs,"London, EN, United Kingdom ","14,9 χιλ. | N/A | 672,2",14.9,London Area
739,CrowdStrike,Senior Engineer I,15  yrs,"London, EN, United Kingdom ","11,5 χιλ. | 8,9 χιλ. | 1,6 χιλ.",11.5,London Area
740,Morgan Stanley,L3,1  yr,"London, EN, United Kingdom ","6,7 χιλ. | N/A | 667,9",6.7,London Area
741,Runway,L4,10  yrs,"London, EN, United Kingdom ","24,2 χιλ. | N/A | N/A",24.2,London Area
742,ClearBank,L3,3  yrs,"London, EN, United Kingdom ","5,3 χιλ. | N/A | 531,1",5.3,London Area
743,PlayStation,Senior Software Engineer,12  yrs,"London, EN, United Kingdom ","10,1 χιλ. | N/A | N/A",10.1,London Area
744,Cognizant,hidden,2-4  yrs,"London, EN, United Kingdom ","4,6 χιλ. | N/A | N/A",4.6,London Area
745,Checkout.com,Software Engineer I,4  yrs,"London, EN, United Kingdom ","5,9 χιλ. | N/A | N/A",5.9,London Area
746,Teya,L3,9  yrs,"London, EN, United Kingdom ","13,5 χιλ. | 4,3 χιλ. | 1,2 χιλ.",13.5,London Area
747,Samsung,L3,3  yrs,"London, EN, United Kingdom ","14,9 χιλ. | N/A | 672,2",14.9,London Area
748,CrowdStrike,Senior Engineer I,15  yrs,"London, EN, United Kingdom ","11,5 χιλ. | 8,9 χιλ. | 1,6 χιλ.",11.5,London Area
749,Morgan Stanley,L3,1  yr,"London, EN, United Kingdom ","6,7 χιλ. | N/A | 667,9",6.7,London Area
750,Runway,L4,10  yrs,"London, EN, United Kingdom ","24,2 χιλ. | N/A | N/A",24.2,London Area
751,ClearBank,L3,3  yrs,"London, EN, United Kingdom ","5,3 χιλ. | N/A | 531,1",5.3,London Area
752,PlayStation,Senior Software Engineer,12  yrs,"London, EN, United Kingdom ","10,1 χιλ. | N/A | N/A",10.1,London Area
753,Cognizant,hidden,2-4  yrs,"London, EN, United Kingdom ","4,6 χιλ. | N/A | N/A",4.6,London Area
754,Checkout.com,Software Engineer I,4  yrs,"London, EN, United Kingdom ","5,9 χιλ. | N/A | N/A",5.9,London Area
755,Teya,L3,9  yrs,"London, EN, United Kingdom ","13,5 χιλ. | 4,3 χιλ. | 1,2 χιλ.",13.5,London Area
756,Samsung,L3,3  yrs,"London, EN, United Kingdom ","14,9 χιλ. | N/A | 672,2",14.9,London Area
757,CrowdStrike,Senior Engineer I,15  yrs,"London, EN, United Kingdom ","11,5 χιλ. | 8,9 χιλ. | 1,6 χιλ.",11.5,London Area
758,Morgan Stanley,L3,1  yr,"London, EN, United Kingdom ","6,7 χιλ. | N/A | 667,9",6.7,London Area
759,Runway,L4,10  yrs,"London, EN, United Kingdom ","24,2 χιλ. | N/A | N/A",24.2,London Area
760,ClearBank,L3,3  yrs,"London, EN, United Kingdom ","5,3 χιλ. | N/A | 531,1",5.3,London Area
761,PlayStation,Senior Software Engineer,12  yrs,"London, EN, United Kingdom ","10,1 χιλ. | N/A | N/A",10.1,London Area
762,Cognizant,hidden,2-4  yrs,"London, EN, United Kingdom ","4,6 χιλ. | N/A | N/A",4.6,London Area
763,Checkout.com,Software Engineer I,4  yrs,"London, EN, United Kingdom ","5,9 χιλ. | N/A | N/A",5.9,London Area
764,Teya,L3,9  yrs,"London, EN, United Kingdom ","13,5 χιλ. | 4,3 χιλ. | 1,2 χιλ.",13.5,London Area
765,Samsung,L3,3  yrs,"London, EN, United Kingdom ","14,9 χιλ. | N/A | 672,2",14.9,London Area
766,CrowdStrike,Senior Engineer I,15  yrs,"London, EN, United Kingdom ","11,5 χιλ. | 8,9 χιλ. | 1,6 χιλ.",11.5,London Area
767,Morgan Stanley,L3,1  yr,"London, EN, United Kingdom ","6,7 χιλ. | N/A | 667,9",6.7,London Area
768,Runway,L4,10  yrs,"London, EN, United Kingdom ","24,2 χιλ. | N/A | N/A",24.2,London Area
769,ClearBank,L3,3  yrs,"London, EN, United Kingdom ","5,3 χιλ. | N/A | 531,1",5.3,London Area
770,PlayStation,Senior Software Engineer,12  yrs,"London, EN, United Kingdom ","10,1 χιλ. | N/A | N/A",10.1,London Area
771,Cognizant,hidden,2-4  yrs,"London, EN, United Kingdom ","4,6 χιλ. | N/A | N/A",4.6,London Area
772,Checkout.com,Software Engineer I,4  yrs,"London, EN, United Kingdom ","5,9 χιλ. | N/A | N/A",5.9,London Area
773,Teya,L3,9  yrs,"London, EN, United Kingdom ","13,5 χιλ. | 4,3 χιλ. | 1,2 χιλ.",13.5,London Area
774,Samsung,L3,3  yrs,"London, EN, United Kingdom ","14,9 χιλ. | N/A | 672,2",14.9,London Area
775,CrowdStrike,Senior Engineer I,15  yrs,"London, EN, United Kingdom ","11,5 χιλ. | 8,9 χιλ. | 1,6 χιλ.",11.5,London Area
776,Morgan Stanley,L3,1  yr,"London, EN, United Kingdom ","6,7 χιλ. | N/A | 667,9",6.7,London Area
777,Runway,L4,10  yrs,"London, EN, United Kingdom ","24,2 χιλ. | N/A | N/A",24.2,London Area
778,ClearBank,L3,3  yrs,"London, EN, United Kingdom ","5,3 χιλ. | N/A | 531,1",5.3,London Area
779,PlayStation,Senior Software Engineer,12  yrs,"London, EN, United Kingdom ","10,1 χιλ. | N/A | N/A",10.1,London Area
780,Cognizant,hidden,2-4  yrs,"London, EN, United Kingdom ","4,6 χιλ. | N/A | N/A",4.6,London Area
781,Checkout.com,Software Engineer I,4  yrs,"London, EN, United Kingdom ","5,9 χιλ. | N/A | N/A",5.9,London Area
782,Teya,L3,9  yrs,"London, EN, United Kingdom ","13,5 χιλ. | 4,3 χιλ. | 1,2 χιλ.",13.5,London Area
783,Samsung,L3,3  yrs,"London, EN, United Kingdom ","14,9 χιλ. | N/A | 672,2",14.9,London Area
784,CrowdStrike,Senior Engineer I,15  yrs,"London, EN, United Kingdom ","11,5 χιλ. | 8,9 χιλ. | 1,6 χιλ.",11.5,London Area
785,Morgan Stanley,L3,1  yr,"London, EN, United Kingdom ","6,7 χιλ. | N/A | 667,9",6.7,London Area
786,Runway,L4,10  yrs,"London, EN, United Kingdom ","24,2 χιλ. | N/A | N/A",24.2,London Area
787,ClearBank,L3,3  yrs,"London, EN, United Kingdom ","5,3 χιλ. | N/A | 531,1",5.3,London Area
788,PlayStation,Senior Software Engineer,12  yrs,"London, EN, United Kingdom ","10,1 χιλ. | N/A | N/A",10.1,London Area
789,Cognizant,hidden,2-4  yrs,"London, EN, United Kingdom ","4,6 χιλ. | N/A | N/A",4.6,London Area
790,Checkout.com,Software Engineer I,4  yrs,"London, EN, United Kingdom ","5,9 χιλ. | N/A | N/A",5.9,London Area
791,Teya,L3,9  yrs,"London, EN, United Kingdom ","13,5 χιλ. | 4,3 χιλ. | 1,2 χιλ.",13.5,London Area
792,Samsung,L3,3  yrs,"London, EN, United Kingdom ","14,9 χιλ. | N/A | 672,2",14.9,London Area
793,CrowdStrike,Senior Engineer I,15  yrs,"London, EN, United Kingdom ","11,5 χιλ. | 8,9 χιλ. | 1,6 χιλ.",11.5,London Area
794,Morgan Stanley,L3,1  yr,"London, EN, United Kingdom ","6,7 χιλ. | N/A | 667,9",6.7,London Area
795,Runway,L4,10  yrs,"London, EN, United Kingdom ","24,2 χιλ. | N/A | N/A",24.2,London Area
796,ClearBank,L3,3  yrs,"London, EN, United Kingdom ","5,3 χιλ. | N/A | 531,1",5.3,London Area
797,PlayStation,Senior Software Engineer,12  yrs,"London, EN, United Kingdom ","10,1 χιλ. | N/A | N/A",10.1,London Area
798,Cognizant,hidden,2-4  yrs,"London, EN, United Kingdom ","4,6 χιλ. | N/A | N/A",4.6,London Area
799,Checkout.com,Software Engineer I,4  yrs,"London, EN, United Kingdom ","5,9 χιλ. | N/A | N/A",5.9,London Area
800,Teya,L3,9  yrs,"London, EN, United Kingdom ","13,5 χιλ. | 4,3 χιλ. | 1,2 χιλ.",13.5,London Area
801,Samsung,L3,3  yrs,"London, EN, United Kingdom ","14,9 χιλ. | N/A | 672,2",14.9,London Area
802,CrowdStrike,Senior Engineer I,15  yrs,"London, EN, United Kingdom ","11,5 χιλ. | 8,9 χιλ. | 1,6 χιλ.",11.5,London Area
803,Morgan Stanley,L3,1  yr,"London, EN, United Kingdom ","6,7 χιλ. | N/A | 667,9",6.7,London Area
804,Runway,L4,10  yrs,"London, EN, United Kingdom ","24,2 χιλ. | N/A | N/A",24.2,London Area
805,ClearBank,L3,3  yrs,"London, EN, United Kingdom ","5,3 χιλ. | N/A | 531,1",5.3,London Area
806,PlayStation,Senior Software Engineer,12  yrs,"London, EN, United Kingdom ","10,1 χιλ. | N/A | N/A",10.1,London Area
807,Cognizant,hidden,2-4  yrs,"London, EN, United Kingdom ","4,6 χιλ. | N/A | N/A",4.6,London Area
808,Checkout.com,Software Engineer I,4  yrs,"London, EN, United Kingdom ","5,9 χιλ. | N/A | N/A",5.9,London Area
809,Teya,L3,9  yrs,"London, EN, United Kingdom ","13,5 χιλ. | 4,3 χιλ. | 1,2 χιλ.",13.5,London Area
810,Samsung,L3,3  yrs,"London, EN, United Kingdom ","14,9 χιλ. | N/A | 672,2",14.9,London Area
811,CrowdStrike,Senior Engineer I,15  yrs,"London, EN, United Kingdom ","11,5 χιλ. | 8,9 χιλ. | 1,6 χιλ.",11.5,London Area
812,Morgan Stanley,L3,1  yr,"London, EN, United Kingdom ","6,7 χιλ. | N/A | 667,9",6.7,London Area
813,Runway,L4,10  yrs,"London, EN, United Kingdom ","24,2 χιλ. | N/A | N/A",24.2,London Area
814,ClearBank,L3,3  yrs,"London, EN, United Kingdom ","5,3 χιλ. | N/A | 531,1",5.3,London Area
815,PlayStation,Senior Software Engineer,12  yrs,"London, EN, United Kingdom ","10,1 χιλ. | N/A | N/A",10.1,London Area
816,Cognizant,hidden,2-4  yrs,"London, EN, United Kingdom ","4,6 χιλ. | N/A | N/A",4.6,London Area
817,Checkout.com,Software Engineer I,4  yrs,"London, EN, United Kingdom ","5,9 χιλ. | N/A | N/A",5.9,London Area
818,Teya,L3,9  yrs,"London, EN, United Kingdom ","13,5 χιλ. | 4,3 χιλ. | 1,2 χιλ.",13.5,London Area
819,Samsung,L3,3  yrs,"London, EN, United Kingdom ","14,9 χιλ. | N/A | 672,2",14.9,London Area
820,CrowdStrike,Senior Engineer I,15  yrs,"London, EN, United Kingdom ","11,5 χιλ. | 8,9 χιλ. | 1,6 χιλ.",11.5,London Area
821,Morgan Stanley,L3,1  yr,"London, EN, United Kingdom ","6,7 χιλ. | N/A | 667,9",6.7,London Area
822,Runway,L4,10  yrs,"London, EN, United Kingdom ","24,2 χιλ. | N/A | N/A",24.2,London Area
823,ClearBank,L3,3  yrs,"London, EN, United Kingdom ","5,3 χιλ. | N/A | 531,1",5.3,London Area
824,PlayStation,Senior Software Engineer,12  yrs,"London, EN, United Kingdom ","10,1 χιλ. | N/A | N/A",10.1,London Area
825,Cognizant,hidden,2-4  yrs,"London, EN, United Kingdom ","4,6 χιλ. | N/A | N/A",4.6,London Area
826,Checkout.com,Software Engineer I,4  yrs,"London, EN, United Kingdom ","5,9 χιλ. | N/A | N/A",5.9,London Area
827,Teya,L3,9  yrs,"London, EN, United Kingdom ","13,5 χιλ. | 4,3 χιλ. | 1,2 χιλ.",13.5,London Area
828,Samsung,L3,3  yrs,"London, EN, United Kingdom ","14,9 χιλ. | N/A | 672,2",14.9,London Area
829,CrowdStrike,Senior Engineer I,15  yrs,"London, EN, United Kingdom ","11,5 χιλ. | 8,9 χιλ. | 1,6 χιλ.",11.5,London Area
830,Morgan Stanley,L3,1  yr,"London, EN, United Kingdom ","6,7 χιλ. | N/A | 667,9",6.7,London Area
831,Runway,L4,10  yrs,"London, EN, United Kingdom ","24,2 χιλ. | N/A | N/A",24.2,London Area
832,ClearBank,L3,3  yrs,"London, EN, United Kingdom ","5,3 χιλ. | N/A | 531,1",5.3,London Area
833,PlayStation,Senior Software Engineer,12  yrs,"London, EN, United Kingdom ","10,1 χιλ. | N/A | N/A",10.1,London Area
834,Cognizant,hidden,2-4  yrs,"London, EN, United Kingdom ","4,6 χιλ. | N/A | N/A",4.6,London Area
835,Checkout.com,Software Engineer I,4  yrs,"London, EN, United Kingdom ","5,9 χιλ. | N/A | N/A",5.9,London Area
836,Teya,L3,9  yrs,"London, EN, United Kingdom ","13,5 χιλ. | 4,3 χιλ. | 1,2 χιλ.",13.5,London Area
837,Samsung,L3,3  yrs,"London, EN, United Kingdom ","14,9 χιλ. | N/A | 672,2",14.9,London Area
838,CrowdStrike,Senior Engineer I,15  yrs,"London, EN, United Kingdom ","11,5 χιλ. | 8,9 χιλ. | 1,6 χιλ.",11.5,London Area
839,Morgan Stanley,L3,1  yr,"London, EN, United Kingdom ","6,7 χιλ. | N/A | 667,9",6.7,London Area
840,Runway,L4,10  yrs,"London, EN, United Kingdom ","24,2 χιλ. | N/A | N/A",24.2,London Area
841,ClearBank,L3,3  yrs,"London, EN, United Kingdom ","5,3 χιλ. | N/A | 531,1",5.3,London Area
842,PlayStation,Senior Software Engineer,12  yrs,"London, EN, United Kingdom ","10,1 χιλ. | N/A | N/A",10.1,London Area
843,Cognizant,hidden,2-4  yrs,"London, EN, United Kingdom ","4,6 χιλ. | N/A | N/A",4.6,London Area
844,Checkout.com,Software Engineer I,4  yrs,"London, EN, United Kingdom ","5,9 χιλ. | N/A | N/A",5.9,London Area
845,Teya,L3,9  yrs,"London, EN, United Kingdom ","13,5 χιλ. | 4,3 χιλ. | 1,2 χιλ.",13.5,London Area
846,Samsung,L3,3  yrs,"London, EN, United Kingdom ","14,9 χιλ. | N/A | 672,2",14.9,London Area
847,CrowdStrike,Senior Engineer I,15  yrs,"London, EN, United Kingdom ","11,5 χιλ. | 8,9 χιλ. | 1,6 χιλ.",11.5,London Area
848,Morgan Stanley,L3,1  yr,"London, EN, United Kingdom ","6,7 χιλ. | N/A | 667,9",6.7,London Area
849,Runway,L4,10  yrs,"London, EN, United Kingdom ","24,2 χιλ. | N/A | N/A",24.2,London Area
850,ClearBank,L3,3  yrs,"London, EN, United Kingdom ","5,3 χιλ. | N/A | 531,1",5.3,London Area
851,PlayStation,Senior Software Engineer,12  yrs,"London, EN, United Kingdom ","10,1 χιλ. | N/A | N/A",10.1,London Area
852,Cognizant,hidden,2-4  yrs,"London, EN, United Kingdom ","4,6 χιλ. | N/A | N/A",4.6,London Area
853,Checkout.com,Software Engineer I,4  yrs,"London, EN, United Kingdom ","5,9 χιλ. | N/A | N/A",5.9,London Area
854,Teya,L3,9  yrs,"London, EN, United Kingdom ","13,5 χιλ. | 4,3 χιλ. | 1,2 χιλ.",13.5,London Area
855,Samsung,L3,3  yrs,"London, EN, United Kingdom ","14,9 χιλ. | N/A | 672,2",14.9,London Area
856,CrowdStrike,Senior Engineer I,15  yrs,"London, EN, United Kingdom ","11,5 χιλ. | 8,9 χιλ. | 1,6 χιλ.",11.5,London Area
857,Morgan Stanley,L3,1  yr,"London, EN, United Kingdom ","6,7 χιλ. | N/A | 667,9",6.7,London Area
858,Runway,L4,10  yrs,"London, EN, United Kingdom ","24,2 χιλ. | N/A | N/A",24.2,London Area
859,ClearBank,L3,3  yrs,"London, EN, United Kingdom ","5,3 χιλ. | N/A | 531,1",5.3,London Area
860,PlayStation,Senior Software Engineer,12  yrs,"London, EN, United Kingdom ","10,1 χιλ. | N/A | N/A",10.1,London Area
861,Cognizant,hidden,2-4  yrs,"London, EN, United Kingdom ","4,6 χιλ. | N/A | N/A",4.6,London Area
862,Checkout.com,Software Engineer I,4  yrs,"London, EN, United Kingdom ","5,9 χιλ. | N/A | N/A",5.9,London Area
863,Teya,L3,9  yrs,"London, EN, United Kingdom ","13,5 χιλ. | 4,3 χιλ. | 1,2 χιλ.",13.5,London Area
864,Samsung,L3,3  yrs,"London, EN, United Kingdom ","14,9 χιλ. | N/A | 672,2",14.9,London Area
865,CrowdStrike,Senior Engineer I,15  yrs,"London, EN, United Kingdom ","11,5 χιλ. | 8,9 χιλ. | 1,6 χιλ.",11.5,London Area
866,Morgan Stanley,L3,1  yr,"London, EN, United Kingdom ","6,7 χιλ. | N/A | 667,9",6.7,London Area
867,Runway,L4,10  yrs,"London, EN, United Kingdom ","24,2 χιλ. | N/A | N/A",24.2,London Area
868,ClearBank,L3,3  yrs,"London, EN, United Kingdom ","5,3 χιλ. | N/A | 531,1",5.3,London Area
869,PlayStation,Senior Software Engineer,12  yrs,"London, EN, United Kingdom ","10,1 χιλ. | N/A | N/A",10.1,London Area
870,Cognizant,hidden,2-4  yrs,"London, EN, United Kingdom ","4,6 χιλ. | N/A | N/A",4.6,London Area
871,Checkout.com,Software Engineer I,4  yrs,"London, EN, United Kingdom ","5,9 χιλ. | N/A | N/A",5.9,London Area
872,Teya,L3,9  yrs,"London, EN, United Kingdom ","13,5 χιλ. | 4,3 χιλ. | 1,2 χιλ.",13.5,London Area
873,Samsung,L3,3  yrs,"London, EN, United Kingdom ","14,9 χιλ. | N/A | 672,2",14.9,London Area
874,CrowdStrike,Senior Engineer I,15  yrs,"London, EN, United Kingdom ","11,5 χιλ. | 8,9 χιλ. | 1,6 χιλ.",11.5,London Area
875,Morgan Stanley,L3,1  yr,"London, EN, United Kingdom ","6,7 χιλ. | N/A | 667,9",6.7,London Area
876,Runway,L4,10  yrs,"London, EN, United Kingdom ","24,2 χιλ. | N/A | N/A",24.2,London Area
877,ClearBank,L3,3  yrs,"London, EN, United Kingdom ","5,3 χιλ. | N/A | 531,1",5.3,London Area
878,PlayStation,Senior Software Engineer,12  yrs,"London, EN, United Kingdom ","10,1 χιλ. | N/A | N/A",10.1,London Area
879,Cognizant,hidden,2-4  yrs,"London, EN, United Kingdom ","4,6 χιλ. | N/A | N/A",4.6,London Area
880,Checkout.com,Software Engineer I,4  yrs,"London, EN, United Kingdom ","5,9 χιλ. | N/A | N/A",5.9,London Area
881,Teya,L3,9  yrs,"London, EN, United Kingdom ","13,5 χιλ. | 4,3 χιλ. | 1,2 χιλ.",13.5,London Area
882,Samsung,L3,3  yrs,"London, EN, United Kingdom ","14,9 χιλ. | N/A | 672,2",14.9,London Area
883,CrowdStrike,Senior Engineer I,15  yrs,"London, EN, United Kingdom ","11,5 χιλ. | 8,9 χιλ. | 1,6 χιλ.",11.5,London Area
884,Morgan Stanley,L3,1  yr,"London, EN, United Kingdom ","6,7 χιλ. | N/A | 667,9",6.7,London Area
885,Runway,L4,10  yrs,"London, EN, United Kingdom ","24,2 χιλ. | N/A | N/A",24.2,London Area
886,ClearBank,L3,3  yrs,"London, EN, United Kingdom ","5,3 χιλ. | N/A | 531,1",5.3,London Area
887,PlayStation,Senior Software Engineer,12  yrs,"London, EN, United Kingdom ","10,1 χιλ. | N/A | N/A",10.1,London Area
888,Cognizant,hidden,2-4  yrs,"London, EN, United Kingdom ","4,6 χιλ. | N/A | N/A",4.6,London Area
889,Checkout.com,Software Engineer I,4  yrs,"London, EN, United Kingdom ","5,9 χιλ. | N/A | N/A",5.9,London Area
890,Teya,L3,9  yrs,"London, EN, United Kingdom ","13,5 χιλ. | 4,3 χιλ. | 1,2 χιλ.",13.5,London Area
891,Samsung,L3,3  yrs,"London, EN, United Kingdom ","14,9 χιλ. | N/A | 672,2",14.9,London Area
892,CrowdStrike,Senior Engineer I,15  yrs,"London, EN, United Kingdom ","11,5 χιλ. | 8,9 χιλ. | 1,6 χιλ.",11.5,London Area
893,Morgan Stanley,L3,1  yr,"London, EN, United Kingdom ","6,7 χιλ. | N/A | 667,9",6.7,London Area
894,Runway,L4,10  yrs,"London, EN, United Kingdom ","24,2 χιλ. | N/A | N/A",24.2,London Area
895,ClearBank,L3,3  yrs,"London, EN, United Kingdom ","5,3 χιλ. | N/A | 531,1",5.3,London Area
896,PlayStation,Senior Software Engineer,12  yrs,"London, EN, United Kingdom ","10,1 χιλ. | N/A | N/A",10.1,London Area
897,Cognizant,hidden,2-4  yrs,"London, EN, United Kingdom ","4,6 χιλ. | N/A | N/A",4.6,London Area
898,Checkout.com,Software Engineer I,4  yrs,"London, EN, United Kingdom ","5,9 χιλ. | N/A | N/A",5.9,London Area
899,Teya,L3,9  yrs,"London, EN, United Kingdom ","13,5 χιλ. | 4,3 χιλ. | 1,2 χιλ.",13.5,London Area
